"External ID","Order Reference/Order Reference","Order Reference/Date","Status","Salesperson/Name","Customer/Name","Description","Unit Price","Quantity","Discount Amount","Subtotal","Taxes/Amount","Order Reference/Delivered","Order Reference/Taxes","Order Reference/Taxes With Discount","Order Reference/Total","Order Reference/Total With Discount"
"__export__.sale_order_line_400","SO121","2014-11-27","Confirmed","kiikie","ร้าน See Baby","[SL5077] รถเข็นเด็ก Maxi สีแดง","1390.0","3.0","290.0","3084.11","0.07","","431.78","431.78","6600.0","6600.0"
"__export__.sale_order_line_401","SO121","2014-11-27","Confirmed","kiikie","ร้าน See Baby","[SL5081] รถเข็นเด็ก Maxi สีฟ้า","1390.0","3.0","290.0","3084.11","0.07","","431.78","431.78","6600.0","6600.0"
"__export__.sale_order_line_399","SO120","2014-11-27","Confirmed","kiikie","ร้าน See Baby","[SL5017] รถเข็นเด็ก Mini สีแดง","1120.0","1.0","","1046.73","0.07","","73.27","73.27","1120.0","1120.0"
"__export__.sale_order_line_398","SO119","2014-11-27","Confirmed","kiikie","สบายออนไลน์ (ร้าน Mom 2 Kids)","[SZ4054] เครื่องนึ่งขวดนม Stand Teflon สีเขียว ","850.0","1.0","","794.39","0.07","","55.61","55.61","850.0","850.0"
"__export__.sale_order_line_396","SO118","2014-11-27","Confirmed","suphathanjira","บ้านผิงผิง","[SL5031] รถเข็นเด็ก Compact สีฟ้า","1400.0","1.0","","1308.41","0.07","","153.74","153.74","2350.0","2350.0"
"__export__.sale_order_line_397","SO118","2014-11-27","Confirmed","suphathanjira","บ้านผิงผิง","[WK3011] รถหัดเดินเด็ก 2in1 สีฟ้า","950.0","1.0","","887.85","0.07","","153.74","153.74","2350.0","2350.0"
"__export__.sale_order_line_395","SO117","2014-11-27","Confirmed","suphathanjira","คุณซูซาน แซเลาะ","[WK3121] รถหัดเดินเด็ก Rock and Run สีฟ้า ","1180.0","1.0","30.0","1074.77","0.07","","75.23","75.23","1150.0","1150.0"
"__export__.sale_order_line_394","SO116","2014-11-27","Confirmed","suphathanjira","คุณแพท","[WK3076] รถหัดเดินเด็ก Delux 4in1 สีชมพู","1740.0","1.0","740.0","934.58","0.07","","65.42","65.42","1000.0","1000.0"
"__export__.sale_order_line_392","SO115","2014-11-27","Confirmed","suphathanjira","คุณแพท","[WK3076] รถหัดเดินเด็ก Delux 4in1 สีชมพู","1740.0","1.0","740.0","934.58","0.07","","98.13","98.13","1500.0","1500.0"
"__export__.sale_order_line_393","SO115","2014-11-27","Confirmed","suphathanjira","คุณแพท","[PT8062] กระโถนเด็ก Music สีชมพู","550.0","1.0","50.0","467.29","0.07","","98.13","98.13","1500.0","1500.0"
"__export__.sale_order_line_391","SO114","2014-11-27","Confirmed","kitchapat","ร้านเบบี้เวิร์ค อ้อมใหญ่","[BS7019] โต๊ะนั่งกินข้าวสำหรับเด็ก","900.0","4.0","300.0","2242.99","0.07","","157.01","157.01","2400.0","2400.0"
"__export__.sale_order_line_389","SO113","2014-11-27","Draft","kitchapat","พรบีบี","[BT2031] Baby Bathtub อ่างอาบน้ำเด็กขอบจับ สีฟ้า","320.0","30.0","70.0","7009.35","0.07","","981.3","981.3","15000.0","15000.0"
"__export__.sale_order_line_390","SO113","2014-11-27","Draft","kitchapat","พรบีบี","[BT2046] Baby Bathtub อ่างอาบน้ำเด็กขอบจับ สีชมพู","320.0","30.0","70.0","7009.35","0.07","","981.3","981.3","15000.0","15000.0"
"__export__.sale_order_line_388","SO112","2014-11-27","Confirmed","kiikie","MARC ARNEY OREIRO","[SZ4054] เครื่องนึ่งขวดนม Stand Teflon สีเขียว ","830.0","1.0","830.0","","0.07","","","","",""
"__export__.sale_order_line_387","SO111","2014-11-27","Confirmed","kiikie","คุณชลธิชา ฟ้ากระจ่าง","[SZ4054] เครื่องนึ่งขวดนม Stand Teflon สีเขียว ","970.0","1.0","","906.54","0.07","","63.46","63.46","970.0","970.0"
"__export__.sale_order_line_385","SO110","2014-11-27","Confirmed","kiikie","คุณกุหลาบ มูลศาสตร์","[WK3061] รถหัดเดินเด็ก Delux 4in1 สีฟ้า ","1990.0","1.0","","1859.81","0.07","","130.19","130.19","1990.0","1990.0"
"__export__.sale_order_line_386","SO110","2014-11-27","Confirmed","kiikie","คุณกุหลาบ มูลศาสตร์","[PT8019] กระโถนสำหรับเด็ก 3in1","480.0","1.0","480.0","","0.07","","130.19","130.19","1990.0","1990.0"
"__export__.sale_order_line_384","SO109","2014-11-27","Confirmed","kiikie","คุณนริศรา สุวรรณภูมิ","[RK1124] เปลโยกเด็ก Bear Music สีน้ำตาล","2590.0","1.0","","2420.56","0.07","","169.44","169.44","2590.0","2590.0"
"__export__.sale_order_line_383","SO108","2014-11-27","Confirmed","kiikie","คุณสิริทิพย์ ฉิมเกตุ","[SZ4061] เครื่องนึ่งขวดนม Stand Teflon สีฟ้า ","990.0","1.0","","925.23","0.07","","64.77","64.77","990.0","990.0"
"__export__.sale_order_line_382","SO107","2014-11-27","Confirmed","kiikie","คุณณัฐพรรณ สิทธิ์ศิร","[AP3112] ไมย์แคร์ แผ่นปิดดูดสิว Night 12","145.0","2.0","","271.03","0.07","","18.97","18.97","290.0","290.0"
"__export__.sale_order_line_381","SO106","2014-11-27","Confirmed","kiikie","คุณจุฑามาศ ทวีคูณ","[RK1041] เปลโยกเด็ก Bear สีฟ้า","1990.0","1.0","","1859.81","0.07","","130.19","130.19","1990.0","1990.0"
"__export__.sale_order_line_380","SO105","2014-11-26","Done","kiikie","นายวิชาญ โพชา","[BT2046] Baby Bathtub อ่างอาบน้ำเด็กขอบจับ สีชมพู","390.0","1.0","","364.49","0.07","True","25.51","25.51","390.0","390.0"
"__export__.sale_order_line_378","SO104","2014-11-26","Done","kiikie","คุณอัจฉริยา สุโพธิ์ภาค","[BT2046] Baby Bathtub อ่างอาบน้ำเด็กขอบจับ สีชมพู","790.0","1.0","","738.32","0.07","True","51.68","51.68","790.0","790.0"
"__export__.sale_order_line_379","SO104","2014-11-26","Done","kiikie","คุณอัจฉริยา สุโพธิ์ภาค","[BT0239] Baby Bath Chair ที่กันลื่น สีขาว","220.0","1.0","220.0","","0.07","True","51.68","51.68","790.0","790.0"
"__export__.sale_order_line_376","SO103","2014-11-26","Done","kiikie","คุณสาวิตรี สอนสะอดา","[BT2031] Baby Bathtub อ่างอาบน้ำเด็กขอบจับ สีฟ้า","790.0","1.0","","738.32","0.07","True","51.68","51.68","790.0","790.0"
"__export__.sale_order_line_377","SO103","2014-11-26","Done","kiikie","คุณสาวิตรี สอนสะอดา","[BT0239] Baby Bath Chair ที่กันลื่น สีขาว","320.0","1.0","320.0","","0.07","True","51.68","51.68","790.0","790.0"
"__export__.sale_order_line_375","SO102","2014-11-26","Done","kiikie","คุณเสฏฐวุฒิ ผ่านวิริยะกุลชัย","[SZ4071] เครื่องนึ่งขวดนม Timer Teflon สีฟ้า","1520.0","1.0","","1420.56","0.07","True","99.44","99.44","1520.0","1520.0"
"__export__.sale_order_line_374","SO101","2014-11-26","Done","kiikie","คุณฐาปกรณ์ จันต๊ะสุข","[RK1032] เปลโยกเด็ก Bear สีน้ำตาล","2290.0","1.0","300.0","1859.81","0.07","True","130.19","130.19","1990.0","1990.0"
"__export__.sale_order_line_373","SO100","2014-11-26","Done","kiikie","คุณเจนตา เรืองทวีป","[PT8031] กระโถนเด็ก Music สีฟ้า","690.0","1.0","","644.86","0.07","True","45.14","45.14","690.0","690.0"
"__export__.sale_order_line_372","SO099","2014-11-26","Confirmed","jarunee","บริษัท เอก-ชัย ดิสทริบิวชั่น ซิสเทม จำกัด สาขาบางบัวทอง","[AP3212P12] ไมย์แคร์ แผ่นปิดดูดสิว Day 3 x Night 3 Pack 12","3561.12","15.0","","49922.24","0.07","","3494.56","3494.56","53416.8","53416.8"
"__export__.sale_order_line_366","SO098","2014-11-26","Done","kitchapat","พรบีบี","[EP9021] ปั๊มนมไฟฟ้า  สีฟ้า","1390.0","5.0","490.0","4205.61","0.07","True","1212.89","1212.89","18540.0","18540.0"
"__export__.sale_order_line_367","SO098","2014-11-26","Done","kitchapat","พรบีบี","[EP9024] ปั๊มนมไฟฟ้า สีเขียว","1390.0","3.0","490.0","2523.36","0.07","True","1212.89","1212.89","18540.0","18540.0"
"__export__.sale_order_line_368","SO098","2014-11-26","Done","kitchapat","พรบีบี","[SZ4061] เครื่องนึ่งขวดนม Stand Teflon สีฟ้า ","830.0","3.0","240.0","1654.21","0.07","True","1212.89","1212.89","18540.0","18540.0"
"__export__.sale_order_line_369","SO098","2014-11-26","Done","kitchapat","พรบีบี","[SZ4054] เครื่องนึ่งขวดนม Stand Teflon สีเขียว ","830.0","3.0","240.0","1654.21","0.07","True","1212.89","1212.89","18540.0","18540.0"
"__export__.sale_order_line_370","SO098","2014-11-26","Done","kitchapat","พรบีบี","[SZ4041] เครื่องนึ่งขวดนม Dryer Teflon สีฟ้า","1950.0","3.0","650.0","3644.86","0.07","True","1212.89","1212.89","18540.0","18540.0"
"__export__.sale_order_line_371","SO098","2014-11-26","Done","kitchapat","พรบีบี","[SZ4034] เครื่องนึ่งขวดนม Dryer Teflon สีเขียว","1950.0","3.0","650.0","3644.86","0.07","True","1212.89","1212.89","18540.0","18540.0"
"__export__.sale_order_line_356","SO097","2014-11-26","Draft","kiikie","ร้านลูกรัก สาขาหน้าโรงพยาบาลศูนย์ยะลา (ตรงข้าม)","[SL5064] รถเข็นเด็ก Mini2 สีเขียว","970.0","1.0","110.0","803.74","0.07","","820.36","820.36","12540.0","12540.0"
"__export__.sale_order_line_357","SO097","2014-11-26","Draft","kiikie","ร้านลูกรัก สาขาหน้าโรงพยาบาลศูนย์ยะลา (ตรงข้าม)","[SL5057] รถเข็นเด็ก Mini2 สีแดง","970.0","1.0","110.0","803.74","0.07","","820.36","820.36","12540.0","12540.0"
"__export__.sale_order_line_358","SO097","2014-11-26","Draft","kiikie","ร้านลูกรัก สาขาหน้าโรงพยาบาลศูนย์ยะลา (ตรงข้าม)","[SL5077] รถเข็นเด็ก Maxi สีแดง","1390.0","1.0","190.0","1121.5","0.07","","820.36","820.36","12540.0","12540.0"
"__export__.sale_order_line_359","SO097","2014-11-26","Draft","kiikie","ร้านลูกรัก สาขาหน้าโรงพยาบาลศูนย์ยะลา (ตรงข้าม)","[SL5081] รถเข็นเด็ก Maxi สีฟ้า","1390.0","1.0","190.0","1121.5","0.07","","820.36","820.36","12540.0","12540.0"
"__export__.sale_order_line_360","SO097","2014-11-26","Draft","kiikie","ร้านลูกรัก สาขาหน้าโรงพยาบาลศูนย์ยะลา (ตรงข้าม)","[SZ4061] เครื่องนึ่งขวดนม Stand Teflon สีฟ้า ","830.0","3.0","240.0","1654.21","0.07","","820.36","820.36","12540.0","12540.0"
"__export__.sale_order_line_361","SO097","2014-11-26","Draft","kiikie","ร้านลูกรัก สาขาหน้าโรงพยาบาลศูนย์ยะลา (ตรงข้าม)","[SZ4054] เครื่องนึ่งขวดนม Stand Teflon สีเขียว ","830.0","3.0","240.0","1654.21","0.07","","820.36","820.36","12540.0","12540.0"
"__export__.sale_order_line_362","SO097","2014-11-26","Draft","kiikie","ร้านลูกรัก สาขาหน้าโรงพยาบาลศูนย์ยะลา (ตรงข้าม)","[WK3046] รถหัดเดินเด็ก Fish 8ล้อ สีชมพู","690.0","4.0","80.0","2280.37","0.07","","820.36","820.36","12540.0","12540.0"
"__export__.sale_order_line_363","SO097","2014-11-26","Draft","kiikie","ร้านลูกรัก สาขาหน้าโรงพยาบาลศูนย์ยะลา (ตรงข้าม)","[WK3051] รถหัดเดินเด็ก Fish 8ล้อ สีฟ้า","690.0","4.0","80.0","2280.37","0.07","","820.36","820.36","12540.0","12540.0"
"__export__.sale_order_line_364","SO097","2014-11-26","Draft","kiikie","ร้านลูกรัก สาขาหน้าโรงพยาบาลศูนย์ยะลา (ตรงข้าม)","[FD12717476P12] กระติกน้ำแบบมีหลอดดูด Sport sipper cup สีฟ้า-เขียว-ชมพู Pack 12","830.0","1.0","830.0","","0.07","","820.36","820.36","12540.0","12540.0"
"__export__.sale_order_line_365","SO097","2014-11-26","Draft","kiikie","ร้านลูกรัก สาขาหน้าโรงพยาบาลศูนย์ยะลา (ตรงข้าม)","[FD12313536P12] ถ้วยหัดดื่มแขนจับ 2 Handle cup สีฟ้า-ส้ม-ชมพู Pack 12","580.0","1.0","580.0","","0.07","","820.36","820.36","12540.0","12540.0"
"__export__.sale_order_line_346","SO096","2014-11-26","Draft","kiikie","ร้านลูกรัก สาขาหน้าโรงพยาบาลหาดใหญ่ (ตรงข้าม)","[SL5064] รถเข็นเด็ก Mini2 สีเขียว","970.0","1.0","110.0","803.74","0.07","","820.36","820.36","12540.0","12540.0"
"__export__.sale_order_line_347","SO096","2014-11-26","Draft","kiikie","ร้านลูกรัก สาขาหน้าโรงพยาบาลหาดใหญ่ (ตรงข้าม)","[SL5057] รถเข็นเด็ก Mini2 สีแดง","970.0","1.0","110.0","803.74","0.07","","820.36","820.36","12540.0","12540.0"
"__export__.sale_order_line_348","SO096","2014-11-26","Draft","kiikie","ร้านลูกรัก สาขาหน้าโรงพยาบาลหาดใหญ่ (ตรงข้าม)","[SL5077] รถเข็นเด็ก Maxi สีแดง","1390.0","1.0","190.0","1121.5","0.07","","820.36","820.36","12540.0","12540.0"
"__export__.sale_order_line_349","SO096","2014-11-26","Draft","kiikie","ร้านลูกรัก สาขาหน้าโรงพยาบาลหาดใหญ่ (ตรงข้าม)","[SL5081] รถเข็นเด็ก Maxi สีฟ้า","1390.0","1.0","190.0","1121.5","0.07","","820.36","820.36","12540.0","12540.0"
"__export__.sale_order_line_350","SO096","2014-11-26","Draft","kiikie","ร้านลูกรัก สาขาหน้าโรงพยาบาลหาดใหญ่ (ตรงข้าม)","[SZ4061] เครื่องนึ่งขวดนม Stand Teflon สีฟ้า ","830.0","3.0","240.0","1654.21","0.07","","820.36","820.36","12540.0","12540.0"
"__export__.sale_order_line_351","SO096","2014-11-26","Draft","kiikie","ร้านลูกรัก สาขาหน้าโรงพยาบาลหาดใหญ่ (ตรงข้าม)","[SZ4054] เครื่องนึ่งขวดนม Stand Teflon สีเขียว ","830.0","3.0","240.0","1654.21","0.07","","820.36","820.36","12540.0","12540.0"
"__export__.sale_order_line_352","SO096","2014-11-26","Draft","kiikie","ร้านลูกรัก สาขาหน้าโรงพยาบาลหาดใหญ่ (ตรงข้าม)","[WK3046] รถหัดเดินเด็ก Fish 8ล้อ สีชมพู","690.0","4.0","80.0","2280.37","0.07","","820.36","820.36","12540.0","12540.0"
"__export__.sale_order_line_353","SO096","2014-11-26","Draft","kiikie","ร้านลูกรัก สาขาหน้าโรงพยาบาลหาดใหญ่ (ตรงข้าม)","[WK3051] รถหัดเดินเด็ก Fish 8ล้อ สีฟ้า","690.0","4.0","80.0","2280.37","0.07","","820.36","820.36","12540.0","12540.0"
"__export__.sale_order_line_354","SO096","2014-11-26","Draft","kiikie","ร้านลูกรัก สาขาหน้าโรงพยาบาลหาดใหญ่ (ตรงข้าม)","[FD12717476P12] กระติกน้ำแบบมีหลอดดูด Sport sipper cup สีฟ้า-เขียว-ชมพู Pack 12","830.0","1.0","830.0","","0.07","","820.36","820.36","12540.0","12540.0"
"__export__.sale_order_line_355","SO096","2014-11-26","Draft","kiikie","ร้านลูกรัก สาขาหน้าโรงพยาบาลหาดใหญ่ (ตรงข้าม)","[FD12313536P12] ถ้วยหัดดื่มแขนจับ 2 Handle cup สีฟ้า-ส้ม-ชมพู Pack 12","580.0","1.0","580.0","","0.07","","820.36","820.36","12540.0","12540.0"
"__export__.sale_order_line_345","SO095","2014-11-25","Draft","jarunee","บริษัท เอก-ชัย ดิสทริบิวชั่น ซิสเทม จำกัด สาขาสามโคก","[AP3212P12] ไมย์แคร์ แผ่นปิดดูดสิว Day 3 x Night 3 Pack 12","593.52","11.0","","6101.61","0.07","","427.11","427.11","6528.72","6528.72"
"__export__.sale_order_line_340","SO094","2014-11-25","Draft","jarunee","บริษัท เอก-ชัย ดิสทริบิวชั่น ซิสเทม จำกัด สาขาสามโคก","[SZ4054P2] เครื่องนึ่งขวดนม Stand Teflon สีเขียว Pack 2","1671.02","6.0","","9370.21","0.07","","2757.4","2757.4","42148.84","42148.84"
"__export__.sale_order_line_341","SO094","2014-11-25","Draft","jarunee","บริษัท เอก-ชัย ดิสทริบิวชั่น ซิสเทม จำกัด สาขาสามโคก","[ABR1001421P12] แปรงล้างขวดนมแบบหมุนสีฟ้า-เขียว Pack 12","643.92","17.0","","10230.5","0.07","","2757.4","2757.4","42148.84","42148.84"
"__export__.sale_order_line_342","SO094","2014-11-25","Draft","jarunee","บริษัท เอก-ชัย ดิสทริบิวชั่น ซิสเทม จำกัด สาขาสามโคก","[SZ407186P2] เครื่องนึ่งขวดนม Timer Teflon สีฟ้า-ชมพู Pack 2","1832.0","6.0","","10272.9","0.07","","2757.4","2757.4","42148.84","42148.84"
"__export__.sale_order_line_343","SO094","2014-11-25","Draft","jarunee","บริษัท เอก-ชัย ดิสทริบิวชั่น ซิสเทม จำกัด สาขาสามโคก","[MP9010] ปั๊มนมก้านโยก สีขาว","1192.52","8.0","","8916.04","0.07","","2757.4","2757.4","42148.84","42148.84"
"__export__.sale_order_line_344","SO094","2014-11-25","Draft","jarunee","บริษัท เอก-ชัย ดิสทริบิวชั่น ซิสเทม จำกัด สาขาสามโคก","[FD12717476P72] กระติกน้ำแบบมีหลอดดูด Sport sipper cup สีฟ้า-เขียว-ชมพู Pack 12","321.96","2.0","","601.79","0.07","","2757.4","2757.4","42148.84","42148.84"
"__export__.sale_order_line_334","SO093","2014-11-25","Draft","jarunee","บริษัท เอก-ชัย ดิสทริบิวชั่น ซิสเทม จำกัด สาขาสามโคก","[SZ4054P2] เครื่องนึ่งขวดนม Stand Teflon สีเขียว Pack 2","1671.02","8.0","","12493.61","0.07","","3365.96","3365.96","51451.24","51451.24"
"__export__.sale_order_line_335","SO093","2014-11-25","Draft","jarunee","บริษัท เอก-ชัย ดิสทริบิวชั่น ซิสเทม จำกัด สาขาสามโคก","[ABR1014P12] แปรงล้างขวดนมและจุกนมสีฟ้า-ชมพู Pack 12","643.92","18.0","","10832.3","0.07","","3365.96","3365.96","51451.24","51451.24"
"__export__.sale_order_line_336","SO093","2014-11-25","Draft","jarunee","บริษัท เอก-ชัย ดิสทริบิวชั่น ซิสเทม จำกัด สาขาสามโคก","[SZ407186P2] เครื่องนึ่งขวดนม Timer Teflon สีฟ้า-ชมพู Pack 2","1832.0","6.0","","10272.9","0.07","","3365.96","3365.96","51451.24","51451.24"
"__export__.sale_order_line_337","SO093","2014-11-25","Draft","jarunee","บริษัท เอก-ชัย ดิสทริบิวชั่น ซิสเทม จำกัด สาขาสามโคก","[MP9010] ปั๊มนมก้านโยก สีขาว","1192.52","12.0","","13374.06","0.07","","3365.96","3365.96","51451.24","51451.24"
"__export__.sale_order_line_338","SO093","2014-11-25","Draft","jarunee","บริษัท เอก-ชัย ดิสทริบิวชั่น ซิสเทม จำกัด สาขาสามโคก","[FD12313536P12] ถ้วยหัดดื่มแขนจับ 2 Handle cup สีฟ้า-ส้ม-ชมพู Pack 12","224.4","1.0","","209.72","0.07","","3365.96","3365.96","51451.24","51451.24"
"__export__.sale_order_line_339","SO093","2014-11-25","Draft","jarunee","บริษัท เอก-ชัย ดิสทริบิวชั่น ซิสเทม จำกัด สาขาสามโคก","[FD12717476P72] กระติกน้ำแบบมีหลอดดูด Sport sipper cup สีฟ้า-เขียว-ชมพู Pack 12","321.96","3.0","","902.69","0.07","","3365.96","3365.96","51451.24","51451.24"
"__export__.sale_order_line_333","SO092","2014-11-25","Confirmed","jarunee","บริษัท เอก-ชัย ดิสทริบิวชั่น ซิสเทม จำกัด สาขาวังน้อย","[AP3212P12] ไมย์แคร์ แผ่นปิดดูดสิว Day 3 x Night 3 Pack 12","593.52","36.0","","19968.9","0.07","","1397.82","1397.82","21366.72","21366.72"
"__export__.sale_order_line_332","SO091","2014-11-25","Done","kiikie","คุณฐิตารีย์ คงทอง","[PT8062] กระโถนเด็ก Music สีชมพู","690.0","1.0","","644.86","0.07","True","45.14","45.14","690.0","690.0"
"__export__.sale_order_line_331","SO090","2014-11-25","Confirmed","kiikie","บริษัท พี.วี.เอส.อินเตอร์เทรด จำกัด สำนักงานใหญ่","[SZ4071] เครื่องนึ่งขวดนม Timer Teflon สีฟ้า","1520.0","1.0","","1420.56","0.07","","99.44","99.44","1520.0","1520.0"
"__export__.sale_order_line_330","SO089","2014-11-25","Done","kiikie","คุณพงษ์สันต์ มะใบ","[RK1124] เปลโยกเด็ก Bear Music สีน้ำตาล","2590.0","1.0","","2420.56","0.07","True","169.44","169.44","2590.0","2590.0"
"__export__.sale_order_line_329","SO088","2014-11-25","Done","kiikie","คุณลดา ชัยวงค์","[MP9010] ปั๊มนมก้านโยก สีขาว","499.0","1.0","","466.36","0.07","True","32.64","32.64","499.0","499.0"
"__export__.sale_order_line_328","SO087","2014-11-25","Done","Administrator","คุณธิดารัตน์ เทียมรัตน์","[BT0226] Baby Bathtub อ่างอาบน้ำเด็กขนาดกลาง สีชมพู","790.0","1.0","","738.32","0.07","True","51.68","51.68","790.0","790.0"
"__export__.sale_order_line_311","SO086","2014-11-25","Draft","kiikie","บริษัท ดีพีพี อินเตอร์เทรด จำกัด","[SL5017] รถเข็นเด็ก Mini สีแดง","765.0","5.0","","3574.77","0.07","","2406.83","2406.83","36790.0","36790.0"
"__export__.sale_order_line_312","SO086","2014-11-25","Draft","kiikie","บริษัท ดีพีพี อินเตอร์เทรด จำกัด","[SL5021] รถเข็นเด็ก Mini สีฟ้า","765.0","5.0","","3574.77","0.07","","2406.83","2406.83","36790.0","36790.0"
"__export__.sale_order_line_313","SO086","2014-11-25","Draft","kiikie","บริษัท ดีพีพี อินเตอร์เทรด จำกัด","[SL5077] รถเข็นเด็ก Maxi สีแดง","995.0","10.0","","9299.07","0.07","","2406.83","2406.83","36790.0","36790.0"
"__export__.sale_order_line_314","SO086","2014-11-25","Draft","kiikie","บริษัท ดีพีพี อินเตอร์เทรด จำกัด","[WK3246] รถหัดเดินเด็ก Fish 6ล้อ สีชมพู","450.0","5.0","","2102.8","0.07","","2406.83","2406.83","36790.0","36790.0"
"__export__.sale_order_line_315","SO086","2014-11-25","Draft","kiikie","บริษัท ดีพีพี อินเตอร์เทรด จำกัด","[WK3051] รถหัดเดินเด็ก Fish 8ล้อ สีฟ้า","465.0","4.0","","1738.32","0.07","","2406.83","2406.83","36790.0","36790.0"
"__export__.sale_order_line_316","SO086","2014-11-25","Draft","kiikie","บริษัท ดีพีพี อินเตอร์เทรด จำกัด","[WK3096] รถหัดเดินเด็ก Flower สีชมพู","545.0","6.0","","3056.07","0.07","","2406.83","2406.83","36790.0","36790.0"
"__export__.sale_order_line_317","SO086","2014-11-25","Draft","kiikie","บริษัท ดีพีพี อินเตอร์เทรด จำกัด","[WK3081] รถหัดเดินเด็ก Flower สีฟ้า","545.0","6.0","","3056.07","0.07","","2406.83","2406.83","36790.0","36790.0"
"__export__.sale_order_line_318","SO086","2014-11-25","Draft","kiikie","บริษัท ดีพีพี อินเตอร์เทรด จำกัด","[WK3121] รถหัดเดินเด็ก Rock and Run สีฟ้า ","760.0","2.0","","1420.56","0.07","","2406.83","2406.83","36790.0","36790.0"
"__export__.sale_order_line_319","SO086","2014-11-25","Draft","kiikie","บริษัท ดีพีพี อินเตอร์เทรด จำกัด","[WK3121] รถหัดเดินเด็ก Rock and Run สีฟ้า ","760.0","2.0","","1420.56","0.07","","2406.83","2406.83","36790.0","36790.0"
"__export__.sale_order_line_320","SO086","2014-11-25","Draft","kiikie","บริษัท ดีพีพี อินเตอร์เทรด จำกัด","[PT8062] กระโถนเด็ก Music สีชมพู","355.0","2.0","","663.55","0.07","","2406.83","2406.83","36790.0","36790.0"
"__export__.sale_order_line_321","SO086","2014-11-25","Draft","kiikie","บริษัท ดีพีพี อินเตอร์เทรด จำกัด","[PT8031] กระโถนเด็ก Music สีฟ้า","355.0","2.0","","663.55","0.07","","2406.83","2406.83","36790.0","36790.0"
"__export__.sale_order_line_322","SO086","2014-11-25","Draft","kiikie","บริษัท ดีพีพี อินเตอร์เทรด จำกัด","[ABR10014] แปรงล้างขวดนมแบบหมุนสีฟ้า","45.0","12.0","","504.67","0.07","","2406.83","2406.83","36790.0","36790.0"
"__export__.sale_order_line_323","SO086","2014-11-25","Draft","kiikie","บริษัท ดีพีพี อินเตอร์เทรด จำกัด","[ABR10021] แปรงล้างขวดนมแบบหมุนสีเขียว","45.0","12.0","","504.67","0.07","","2406.83","2406.83","36790.0","36790.0"
"__export__.sale_order_line_324","SO086","2014-11-25","Draft","kiikie","บริษัท ดีพีพี อินเตอร์เทรด จำกัด","[ABR1014B] แปรงล้างขวดนมและจุกนมสีฟ้า","45.0","12.0","","504.67","0.07","","2406.83","2406.83","36790.0","36790.0"
"__export__.sale_order_line_325","SO086","2014-11-25","Draft","kiikie","บริษัท ดีพีพี อินเตอร์เทรด จำกัด","[ABR1014P] แปรงล้างขวดนมและจุกนมสีชมพู","45.0","12.0","","504.67","0.07","","2406.83","2406.83","36790.0","36790.0"
"__export__.sale_order_line_326","SO086","2014-11-25","Draft","kiikie","บริษัท ดีพีพี อินเตอร์เทรด จำกัด","[FD12313536P12] ถ้วยหัดดื่มแขนจับ 2 Handle cup สีฟ้า-ส้ม-ชมพู Pack 12","480.0","2.0","","897.2","0.07","","2406.83","2406.83","36790.0","36790.0"
"__export__.sale_order_line_327","SO086","2014-11-25","Draft","kiikie","บริษัท ดีพีพี อินเตอร์เทรด จำกัด","[FD12717476P72] กระติกน้ำแบบมีหลอดดูด Sport sipper cup สีฟ้า-เขียว-ชมพู Pack 12","480.0","2.0","","897.2","0.07","","2406.83","2406.83","36790.0","36790.0"
"__export__.sale_order_line_305","SO085","2014-11-25","Draft","kiikie","Boots Retail (Thailand) Ltd.","[AP3012] ไมย์แคร์ แผ่นปิดดูดสิว Day 12 ","81.84","1020.0","","78015.7","0.07","","10304.54","10304.54","157512.24","157512.24"
"__export__.sale_order_line_306","SO085","2014-11-25","Draft","kiikie","Boots Retail (Thailand) Ltd.","[AP3112] ไมย์แคร์ แผ่นปิดดูดสิว Night 12","99.51","744.0","","69192.0","0.07","","10304.54","10304.54","157512.24","157512.24"
"__export__.sale_order_line_303","SO084","2014-11-25","Done","chumporn","บริษัท ไอ.เอส.รีเทล จำกัด","[EP9021] ปั๊มนมไฟฟ้า  สีฟ้า","1390.0","12.0","490.0","10093.46","0.07","True","1413.08","1413.08","21600.0","21600.0"
"__export__.sale_order_line_304","SO084","2014-11-25","Done","chumporn","บริษัท ไอ.เอส.รีเทล จำกัด","[EP9024] ปั๊มนมไฟฟ้า สีเขียว","1390.0","12.0","490.0","10093.46","0.07","True","1413.08","1413.08","21600.0","21600.0"
"__export__.sale_order_line_302","SO083","2014-11-24","Done","kiikie","คุณอารยา เนตรใจบุญ","[SZ4054] เครื่องนึ่งขวดนม Stand Teflon สีเขียว ","990.0","1.0","","925.23","0.07","True","64.77","64.77","990.0","990.0"
"__export__.sale_order_line_301","SO082","2014-11-24","Done","kiikie","คุณน้ำฝน นาแสวง","[EP9024] ปั๊มนมไฟฟ้า สีเขียว","1990.0","1.0","","1859.81","0.07","True","130.19","130.19","1990.0","1990.0"
"__export__.sale_order_line_300","SO081","2014-11-24","Done","kiikie","คุณพรประภา รินทระ","[BT2046] Baby Bathtub อ่างอาบน้ำเด็กขอบจับ สีชมพู","450.0","1.0","60.0","364.49","0.07","True","25.51","25.51","390.0","390.0"
"__export__.sale_order_line_299","SO080","2014-11-24","Done","kiikie","คุณใกล้รุ่ง วงษ์มณีวรรณ์","[BT2031] Baby Bathtub อ่างอาบน้ำเด็กขอบจับ สีฟ้า","450.0","1.0","60.0","364.49","0.07","True","25.51","25.51","390.0","390.0"
"__export__.sale_order_line_298","SO079","2014-11-24","Done","kiikie","คุณสุวัฒน์ ดิษาภิรมย์","[MP9010] ปั๊มนมก้านโยก สีขาว","499.0","1.0","","466.36","0.07","True","32.64","32.64","499.0","499.0"
"__export__.sale_order_line_297","SO078","2014-11-24","Done","kiikie","คุณเจตตรินทร์","[BT0216] Baby Bathtub อ่างอาบน้ำเด็กขนาดใหญ่ สีชมพู ","890.0","1.0","","831.78","0.07","True","58.22","58.22","890.0","890.0"
"__export__.sale_order_line_296","SO077","2014-11-24","Done","kiikie","คุณศศิธร คำนวล","[SL5021] รถเข็นเด็ก Mini สีฟ้า","990.0","1.0","","925.23","0.07","True","64.77","64.77","990.0","990.0"
"__export__.sale_order_line_295","SO076","2014-11-24","Done","kiikie","คุณทิพย์วิมล ศิริจันทร์","[PT8062] กระโถนเด็ก Music สีชมพู","790.0","1.0","100.0","644.86","0.07","True","45.14","45.14","690.0","690.0"
"__export__.sale_order_line_293","SO075","2014-11-24","Done","kiikie","คุณศิริกร กสิกิจวรกุล","[BT0226] Baby Bathtub อ่างอาบน้ำเด็กขนาดกลาง สีชมพู","950.0","1.0","","887.85","0.07","True","62.15","62.15","950.0","950.0"
"__export__.sale_order_line_294","SO075","2014-11-24","Done","kiikie","คุณศิริกร กสิกิจวรกุล","[BT0239] Baby Bath Chair ที่กันลื่น สีขาว","220.0","1.0","220.0","","0.07","True","62.15","62.15","950.0","950.0"
"__export__.sale_order_line_292","SO074","2014-11-24","Done","kiikie","บริษัท เมด แคร์ ดี-เชน จำกัด","[AP3014] ไมย์แคร์ แผ่นปิดดูดสิว Day 6","51.35","100.0","","4799.07","0.07","True","335.93","335.93","5135.0","5135.0"
"__export__.sale_order_line_291","SO073","2014-11-24","Draft","kitchapat","บุญสินฟาร์มาซี","[BS7019] โต๊ะนั่งกินข้าวสำหรับเด็ก","1290.0","4.0","690.0","2242.99","0.07","","157.01","157.01","2400.0","2400.0"
"__export__.sale_order_line_284","SO072","2014-11-24","Done","kitchapat","สุขสวัสดี เฟอร์นิเจอร์","[WK3051] รถหัดเดินเด็ก Fish 8ล้อ สีฟ้า","690.0","6.0","140.0","3084.11","0.07","True","836.73","836.73","12790.0","12790.0"
"__export__.sale_order_line_285","SO072","2014-11-24","Done","kitchapat","สุขสวัสดี เฟอร์นิเจอร์","[WK3046] รถหัดเดินเด็ก Fish 8ล้อ สีชมพู","690.0","6.0","140.0","3084.11","0.07","True","836.73","836.73","12790.0","12790.0"
"__export__.sale_order_line_286","SO072","2014-11-24","Done","kitchapat","สุขสวัสดี เฟอร์นิเจอร์","[WK3011] รถหัดเดินเด็ก 2in1 สีฟ้า","970.0","2.0","255.0","1336.45","0.07","True","836.73","836.73","12790.0","12790.0"
"__export__.sale_order_line_287","SO072","2014-11-24","Done","kitchapat","สุขสวัสดี เฟอร์นิเจอร์","[WK3026] รถหัดเดินเด็ก 2in1 สีชมพู","970.0","2.0","255.0","1336.45","0.07","True","836.73","836.73","12790.0","12790.0"
"__export__.sale_order_line_288","SO072","2014-11-24","Done","kitchapat","สุขสวัสดี เฟอร์นิเจอร์","[WK3034] รถหัดเดินเด็ก 2in1 สีเขียว","970.0","2.0","255.0","1336.45","0.07","True","836.73","836.73","12790.0","12790.0"
"__export__.sale_order_line_289","SO072","2014-11-24","Done","kitchapat","สุขสวัสดี เฟอร์นิเจอร์","[WK3121] รถหัดเดินเด็ก Rock and Run สีฟ้า ","1180.0","1.0","230.0","887.85","0.07","True","836.73","836.73","12790.0","12790.0"
"__export__.sale_order_line_290","SO072","2014-11-24","Done","kitchapat","สุขสวัสดี เฟอร์นิเจอร์","[WK3136] รถหัดเดินเด็ก Rock and Run สีชมพู","1180.0","1.0","230.0","887.85","0.07","True","836.73","836.73","12790.0","12790.0"
"__export__.sale_order_line_281","SO071","2014-11-24","Draft","kitchapat","บริษัท รวมพัฒนศิริ จำกัด","[MP9010] ปั๊มนมก้านโยก สีขาว","390.0","6.0","170.0","1233.64","0.07","","263.0","263.0","4020.0","4020.0"
"__export__.sale_order_line_282","SO071","2014-11-24","Draft","kitchapat","บริษัท รวมพัฒนศิริ จำกัด","[EP9021] ปั๊มนมไฟฟ้า  สีฟ้า","1390.0","2.0","490.0","1682.24","0.07","","263.0","263.0","4020.0","4020.0"
"__export__.sale_order_line_283","SO071","2014-11-24","Draft","kitchapat","บริษัท รวมพัฒนศิริ จำกัด","[EP9024] ปั๊มนมไฟฟ้า สีเขียว","1390.0","1.0","490.0","841.12","0.07","","263.0","263.0","4020.0","4020.0"
"__export__.sale_order_line_279","SO070","2014-11-24","Confirmed","kitchapat","บริษัท รวมพัฒนศิริ จำกัด","[AP3014] ไมย์แคร์ แผ่นปิดดูดสิว Day 6","47.99","24.0","","1076.41","0.07","","160.23","160.23","2449.2","2449.2"
"__export__.sale_order_line_280","SO070","2014-11-24","Confirmed","kitchapat","บริษัท รวมพัฒนศิริ จำกัด","[AP3114] ไมย์แคร์ แผ่นปิดดูดสิว Night 6","54.06","24.0","","1212.56","0.07","","160.23","160.23","2449.2","2449.2"
"__export__.sale_order_line_278","SO069","2014-11-24","Done","kitchapat","บริษัท รวมพัฒนศิริ จำกัด","[FD1274] กระติกน้ำแบบมีหลอดดูด Sport sipper cup สีเขียว","70.0","1.0","8.0","57.94","0.07","True","4.06","4.06","62.0","62.0"
"__export__.sale_order_line_276","SO068","2014-11-24","Done","suphathanjira","คุณแพท","[PT8031] กระโถนเด็ก Music สีฟ้า","550.0","2.0","50.0","934.58","0.07","True","98.13","98.13","1500.0","1500.0"
"__export__.sale_order_line_277","SO068","2014-11-24","Done","suphathanjira","คุณแพท","[PT8062] กระโถนเด็ก Music สีชมพู","550.0","1.0","50.0","467.29","0.07","True","98.13","98.13","1500.0","1500.0"
"__export__.sale_order_line_275","SO067","2014-11-24","Done","kitchapat","คุณศรีสุดา แสนนันตา","[FD1271] กระติกน้ำแบบมีหลอดดูด Sport sipper cup สีฟ้า","70.0","1.0","70.0","","0.07","True","","","",""
"__export__.sale_order_line_273","SO066","2014-11-21","Confirmed","jarunee","บริษัท เอก-ชัย ดิสทริบิวชั่น ซิสเทม จำกัด สาขาสามโคก","[SZ405461P2] เครื่องนึ่งขวดนมStandTeflonสีฟ้า สีเขียวP2","1671.02","1.0","","1561.7","0.07","","151.45","151.45","2314.94","2314.94"
"__export__.sale_order_line_274","SO066","2014-11-21","Confirmed","jarunee","บริษัท เอก-ชัย ดิสทริบิวชั่น ซิสเทม จำกัด สาขาสามโคก","[ABR1014P12] แปรงล้างขวดนมและจุกนมสีฟ้า-ชมพู Pack 12","643.92","1.0","","601.79","0.07","","151.45","151.45","2314.94","2314.94"
"__export__.sale_order_line_271","SO064","2014-11-21","Done","kiikie","ร้านขายยาสหมิตร ฟาร์มาซี","[AP3014] ไมย์แคร์ แผ่นปิดดูดสิว Day 6","51.74","24.0","","1160.52","0.07","True","81.24","81.24","1241.76","1241.76"
"__export__.sale_order_line_270","SO063","2014-11-21","Done","kiikie","คุณโยทกา ปัญญาวงค์","[SZ4034P1] เครื่องนึ่งขวดนมDyerTeflonสีเขียว P1","1950.0","1.0","1950.0","","0.07","True","","","",""
"__export__.sale_order_line_268","SO062","2014-11-21","Confirmed","kiikie","บริษัท ทเวนตี้โฟร์ ช้อปปิ้ง จำกัด","[WK3026P1] รถหัดเดินสำหรับเด็ก2in1สีชมพู P1","667.29","15.0","","9354.53","0.07","","1309.64","1309.64","20018.7","20018.7"
"__export__.sale_order_line_269","SO062","2014-11-21","Confirmed","kiikie","บริษัท ทเวนตี้โฟร์ ช้อปปิ้ง จำกัด","[WK3011P1] รถหัดเดินสำหรับเด็ก2in1สีฟ้า P1","667.29","15.0","","9354.53","0.07","","1309.64","1309.64","20018.7","20018.7"
"__export__.sale_order_line_266","SO061","2014-11-21","Confirmed","kiikie","บริษัท ลาซาด้า จำกัด ","[AP3014] ไมย์แคร์ แผ่นปิดดูดสิว เดย์ 6","51.68","7.0","","338.09","0.07","","35.57","35.57","543.62","543.62"
"__export__.sale_order_line_267","SO061","2014-11-21","Confirmed","kiikie","บริษัท ลาซาด้า จำกัด ","[AP3012] ไมย์แคร์ แผ่นปิดดูดสิว เดย์ 12 ","90.93","2.0","","169.96","0.07","","35.57","35.57","543.62","543.62"
"__export__.sale_order_line_263","SO060","2014-11-21","Confirmed","kiikie","บริษัท ลาซาด้า จำกัด ","[WK3034P1] รถหัดเดินสำหรับเด็ก2in1สีเขียว P1","700.94","25.0","","16377.1","0.07","","4585.59","4585.59","70094.0","70094.0"
"__export__.sale_order_line_264","SO060","2014-11-21","Confirmed","kiikie","บริษัท ลาซาด้า จำกัด ","[WK3026P1] รถหัดเดินสำหรับเด็ก2in1สีชมพู P1","700.94","25.0","","16377.1","0.07","","4585.59","4585.59","70094.0","70094.0"
"__export__.sale_order_line_265","SO060","2014-11-21","Confirmed","kiikie","บริษัท ลาซาด้า จำกัด ","[WK3011P1] รถหัดเดินสำหรับเด็ก2in1สีฟ้า P1","700.94","50.0","","32754.21","0.07","","4585.59","4585.59","70094.0","70094.0"
"__export__.sale_order_line_258","SO059","2014-11-21","Done","kiikie","บริษัท ดีพีพี อินเตอร์เทรด จำกัด","[BS7019] โต๊ะนั่งกินข้าวสำหรับเด็กสีขาว น้ำเงิน เขียว P1","550.0","5.0","","2570.09","0.07","True","627.25","627.25","9588.2","9588.2"
"__export__.sale_order_line_259","SO059","2014-11-21","Done","kiikie","บริษัท ดีพีพี อินเตอร์เทรด จำกัด","[SL5017P1] รถเข็นสำหรับเด็ก Miniสีแดง P1","620.37","3.0","","1739.36","0.07","True","627.25","627.25","9588.2","9588.2"
"__export__.sale_order_line_260","SO059","2014-11-21","Done","kiikie","บริษัท ดีพีพี อินเตอร์เทรด จำกัด","[SL5021P1] รถเข็นสำหรับเด็ก Miniสีฟ้า P1","620.37","3.0","","1739.36","0.07","True","627.25","627.25","9588.2","9588.2"
"__export__.sale_order_line_261","SO059","2014-11-21","Done","kiikie","บริษัท ดีพีพี อินเตอร์เทรด จำกัด","[WK3081P1] รถหัดเดินสำหรับเด็กFlowerสีฟ้า P1","519.33","3.0","","1456.07","0.07","True","627.25","627.25","9588.2","9588.2"
"__export__.sale_order_line_262","SO059","2014-11-21","Done","kiikie","บริษัท ดีพีพี อินเตอร์เทรด จำกัด","[WK3096P1] รถหัดเดินสำหรับเด็กFlowerสีชมพู P1","519.33","3.0","","1456.07","0.07","True","627.25","627.25","9588.2","9588.2"
"__export__.sale_order_line_251","SO058","2014-11-21","Done","kiikie","ร้านลูกรัก สาขาพิษณุโลก","[MP9010W] ปั๊มนมก้านโยก สีขาว P1","390.0","6.0","170.0","1233.64","0.07","True","546.93","546.93","8360.0","8360.0"
"__export__.sale_order_line_252","SO058","2014-11-21","Done","kiikie","ร้านลูกรัก สาขาพิษณุโลก","[EP90212BL] ปั๊มนมไฟฟ้า  สีฟ้า P1","1390.0","3.0","490.0","2523.36","0.07","True","546.93","546.93","8360.0","8360.0"
"__export__.sale_order_line_253","SO058","2014-11-21","Done","kiikie","ร้านลูกรัก สาขาพิษณุโลก","[BT0239W] Baby Bath Chair ที่กันลื่น สีขาว","220.0","4.0","60.0","598.13","0.07","True","546.93","546.93","8360.0","8360.0"
"__export__.sale_order_line_254","SO058","2014-11-21","Done","kiikie","ร้านลูกรัก สาขาพิษณุโลก","[PT8019] กระโถนสำหรับเด็ก 3in1 สีม่วง ขาว P1","480.0","2.0","130.0","654.21","0.07","True","546.93","546.93","8360.0","8360.0"
"__export__.sale_order_line_255","SO058","2014-11-21","Done","kiikie","ร้านลูกรัก สาขาพิษณุโลก","[SL5077P1] รถเข็นสำหรับเด็กMaxiสีแดง P1","1390.0","1.0","590.0","747.66","0.07","True","546.93","546.93","8360.0","8360.0"
"__export__.sale_order_line_256","SO058","2014-11-21","Done","kiikie","ร้านลูกรัก สาขาพิษณุโลก","[SL5081P1] รถเข็นสำหรับเด็กMaxiสีฟ้า P1","1390.0","1.0","590.0","747.66","0.07","True","546.93","546.93","8360.0","8360.0"
"__export__.sale_order_line_257","SO058","2014-11-21","Done","kiikie","ร้านลูกรัก สาขาพิษณุโลก","[RK1041P1] เปลโยกสำหรับเด็กBearสีฟ้า P1","1600.0","1.0","200.0","1308.41","0.07","True","546.93","546.93","8360.0","8360.0"
"__export__.sale_order_line_250","SO057","2014-11-20","Done","kiikie","ร้านปันปัน","[SL5064P1] รถเข็นสำหรับเด็กMini2สีเขียว P1","970.0","2.0","170.0","1495.33","0.07","True","104.67","104.67","1600.0","1600.0"
"__export__.sale_order_line_248","SO056","2014-11-20","Done","onanong","ร้าน บ้านคุณหนู","[SL5077P1] รถเข็นสำหรับเด็กMaxiสีแดง P1","1390.0","2.0","200.0","2224.3","0.07","True","311.4","311.4","4760.0","4760.0"
"__export__.sale_order_line_249","SO056","2014-11-20","Done","onanong","ร้าน บ้านคุณหนู","[SL5081P1] รถเข็นสำหรับเด็กMaxiสีฟ้า P1","1390.0","2.0","200.0","2224.3","0.07","True","311.4","311.4","4760.0","4760.0"
"__export__.sale_order_line_247","SO055","2014-11-20","Done","kitchapat","เป็นหนึ่งนมผง","[SZ4034P1] เครื่องนึ่งขวดนมDyerTeflonสีฟ้า P1","1950.0","2.0","600.0","2523.36","0.07","True","176.64","176.64","2700.0","2700.0"
"__export__.sale_order_line_245","SO054","2014-11-20","Done","kiikie","ร้านเบบี้ช็อป (Dektoy)","[EP90212BL] ปั๊มนมไฟฟ้า  สีฟ้า P1","1390.0","3.0","490.0","2523.36","0.07","True","353.28","353.28","5400.0","5400.0"
"__export__.sale_order_line_246","SO054","2014-11-20","Done","kiikie","ร้านเบบี้ช็อป (Dektoy)","[EP9024G] ปั๊มนมไฟฟ้า สีเขียว P1","1390.0","3.0","490.0","2523.36","0.07","True","353.28","353.28","5400.0","5400.0"
"__export__.sale_order_line_244","SO053","2014-11-20","Done","kiikie","Whatsnew Co., Ltd.","[SZ4071P1] เครื่องนึ่งขวดนมTimerTeflonสีฟ้า P1","1228.5","1.0","","1148.13","0.07","True","80.37","80.37","1228.5","1228.5"
"__export__.sale_order_line_234","SO052","2014-11-20","Done","kiikie","ร้านลูกรัก สาขาหน้าโรงพยาบาลศูนย์ยะลา (ตรงข้าม)","[RK1032P1] เปลโยกสำหรับเด็กBear สีน้ำตาล P1","1600.0","1.0","250.0","1261.68","0.07","True","668.6","668.6","10220.0","10220.0"
"__export__.sale_order_line_235","SO052","2014-11-20","Done","kiikie","ร้านลูกรัก สาขาหน้าโรงพยาบาลศูนย์ยะลา (ตรงข้าม)","[RK1041P1] เปลโยกสำหรับเด็กBearสีฟ้า P1","1600.0","1.0","250.0","1261.68","0.07","True","668.6","668.6","10220.0","10220.0"
"__export__.sale_order_line_236","SO052","2014-11-20","Done","kiikie","ร้านลูกรัก สาขาหน้าโรงพยาบาลศูนย์ยะลา (ตรงข้าม)","[WK3011P1] รถหัดเดินสำหรับเด็ก2in1สีฟ้า P1","970.0","1.0","220.0","700.93","0.07","True","668.6","668.6","10220.0","10220.0"
"__export__.sale_order_line_237","SO052","2014-11-20","Done","kiikie","ร้านลูกรัก สาขาหน้าโรงพยาบาลศูนย์ยะลา (ตรงข้าม)","[WK3026P1] รถหัดเดินสำหรับเด็ก2in1สีชมพู P1","970.0","1.0","220.0","700.93","0.07","True","668.6","668.6","10220.0","10220.0"
"__export__.sale_order_line_238","SO052","2014-11-20","Done","kiikie","ร้านลูกรัก สาขาหน้าโรงพยาบาลศูนย์ยะลา (ตรงข้าม)","[SL5064P1] รถเข็นสำหรับเด็กMini2สีเขียว P1","970.0","1.0","110.0","803.74","0.07","True","668.6","668.6","10220.0","10220.0"
"__export__.sale_order_line_239","SO052","2014-11-20","Done","kiikie","ร้านลูกรัก สาขาหน้าโรงพยาบาลศูนย์ยะลา (ตรงข้าม)","[SL5057P1] รถเข็นสำหรับเด็กMini2สีแดง P1","970.0","1.0","110.0","803.74","0.07","True","668.6","668.6","10220.0","10220.0"
"__export__.sale_order_line_240","SO052","2014-11-20","Done","kiikie","ร้านลูกรัก สาขาหน้าโรงพยาบาลศูนย์ยะลา (ตรงข้าม)","[SL5077P1] รถเข็นสำหรับเด็กMaxiสีแดง P1","1390.0","1.0","190.0","1121.5","0.07","True","668.6","668.6","10220.0","10220.0"
"__export__.sale_order_line_241","SO052","2014-11-20","Done","kiikie","ร้านลูกรัก สาขาหน้าโรงพยาบาลศูนย์ยะลา (ตรงข้าม)","[SL5081P1] รถเข็นสำหรับเด็กMaxiสีฟ้า P1","1390.0","1.0","190.0","1121.5","0.07","True","668.6","668.6","10220.0","10220.0"
"__export__.sale_order_line_242","SO052","2014-11-20","Done","kiikie","ร้านลูกรัก สาขาหน้าโรงพยาบาลศูนย์ยะลา (ตรงข้าม)","[WK3121P1] รถหัดเดินสำหรับเด็ก Rock and Ruk สีฟ้า P1","1180.0","1.0","230.0","887.85","0.07","True","668.6","668.6","10220.0","10220.0"
"__export__.sale_order_line_243","SO052","2014-11-20","Done","kiikie","ร้านลูกรัก สาขาหน้าโรงพยาบาลศูนย์ยะลา (ตรงข้าม)","[WK3136P1] รถหัดเดินสำหรับเด็ก Rock and Ruk สีชมพู P1","1180.0","1.0","230.0","887.85","0.07","True","668.6","668.6","10220.0","10220.0"
"__export__.sale_order_line_309","SO052","2014-11-20","Done","kiikie","ร้านลูกรัก สาขาหน้าโรงพยาบาลศูนย์ยะลา (ตรงข้าม)","[FD12313536P12] ถ้วยหัดดื่มแขนจับ 2 Handle cup สีฟ้า-ส้ม-ชมพู Pack 12","","2.0","","","0.07","True","668.6","668.6","10220.0","10220.0"
"__export__.sale_order_line_310","SO052","2014-11-20","Done","kiikie","ร้านลูกรัก สาขาหน้าโรงพยาบาลศูนย์ยะลา (ตรงข้าม)","[FD12717476P72] กระติกน้ำแบบมีหลอดดูด Sport sipper cup สีฟ้า-เขียว-ชมพู Pack 12","","2.0","","","0.07","True","668.6","668.6","10220.0","10220.0"
"__export__.sale_order_line_224","SO051","2014-11-20","Done","kiikie","ร้านลูกรัก สาขาหน้าโรงพยาบาลหาดใหญ่ (ตรงข้าม)","[RK1032P1] เปลโยกสำหรับเด็กBear สีน้ำตาล P1","1600.0","1.0","250.0","1261.68","0.07","True","668.6","668.6","10220.0","10220.0"
"__export__.sale_order_line_225","SO051","2014-11-20","Done","kiikie","ร้านลูกรัก สาขาหน้าโรงพยาบาลหาดใหญ่ (ตรงข้าม)","[RK1041P1] เปลโยกสำหรับเด็กBearสีฟ้า P1","1600.0","1.0","250.0","1261.68","0.07","True","668.6","668.6","10220.0","10220.0"
"__export__.sale_order_line_226","SO051","2014-11-20","Done","kiikie","ร้านลูกรัก สาขาหน้าโรงพยาบาลหาดใหญ่ (ตรงข้าม)","[WK3011P1] รถหัดเดินสำหรับเด็ก2in1สีฟ้า P1","970.0","1.0","220.0","700.93","0.07","True","668.6","668.6","10220.0","10220.0"
"__export__.sale_order_line_227","SO051","2014-11-20","Done","kiikie","ร้านลูกรัก สาขาหน้าโรงพยาบาลหาดใหญ่ (ตรงข้าม)","[WK3026P1] รถหัดเดินสำหรับเด็ก2in1สีชมพู P1","970.0","1.0","220.0","700.93","0.07","True","668.6","668.6","10220.0","10220.0"
"__export__.sale_order_line_228","SO051","2014-11-20","Done","kiikie","ร้านลูกรัก สาขาหน้าโรงพยาบาลหาดใหญ่ (ตรงข้าม)","[SL5064P1] รถเข็นสำหรับเด็กMini2สีเขียว P1","970.0","1.0","110.0","803.74","0.07","True","668.6","668.6","10220.0","10220.0"
"__export__.sale_order_line_229","SO051","2014-11-20","Done","kiikie","ร้านลูกรัก สาขาหน้าโรงพยาบาลหาดใหญ่ (ตรงข้าม)","[SL5057P1] รถเข็นสำหรับเด็กMini2สีแดง P1","970.0","1.0","110.0","803.74","0.07","True","668.6","668.6","10220.0","10220.0"
"__export__.sale_order_line_230","SO051","2014-11-20","Done","kiikie","ร้านลูกรัก สาขาหน้าโรงพยาบาลหาดใหญ่ (ตรงข้าม)","[SL5077P1] รถเข็นสำหรับเด็กMaxiสีแดง P1","1390.0","1.0","190.0","1121.5","0.07","True","668.6","668.6","10220.0","10220.0"
"__export__.sale_order_line_231","SO051","2014-11-20","Done","kiikie","ร้านลูกรัก สาขาหน้าโรงพยาบาลหาดใหญ่ (ตรงข้าม)","[SL5081P1] รถเข็นสำหรับเด็กMaxiสีฟ้า P1","1390.0","1.0","190.0","1121.5","0.07","True","668.6","668.6","10220.0","10220.0"
"__export__.sale_order_line_232","SO051","2014-11-20","Done","kiikie","ร้านลูกรัก สาขาหน้าโรงพยาบาลหาดใหญ่ (ตรงข้าม)","[WK3121P1] รถหัดเดินสำหรับเด็ก Rock and Ruk สีฟ้า P1","1180.0","1.0","230.0","887.85","0.07","True","668.6","668.6","10220.0","10220.0"
"__export__.sale_order_line_233","SO051","2014-11-20","Done","kiikie","ร้านลูกรัก สาขาหน้าโรงพยาบาลหาดใหญ่ (ตรงข้าม)","[WK3136P1] รถหัดเดินสำหรับเด็ก Rock and Ruk สีชมพู P1","1180.0","1.0","230.0","887.85","0.07","True","668.6","668.6","10220.0","10220.0"
"__export__.sale_order_line_307","SO051","2014-11-20","Done","kiikie","ร้านลูกรัก สาขาหน้าโรงพยาบาลหาดใหญ่ (ตรงข้าม)","[FD12313536P12] ถ้วยหัดดื่มแขนจับ 2 Handle cup สีฟ้า-ส้ม-ชมพู Pack 12","","2.0","","","0.07","True","668.6","668.6","10220.0","10220.0"
"__export__.sale_order_line_308","SO051","2014-11-20","Done","kiikie","ร้านลูกรัก สาขาหน้าโรงพยาบาลหาดใหญ่ (ตรงข้าม)","[FD12717476P72] กระติกน้ำแบบมีหลอดดูด Sport sipper cup สีฟ้า-เขียว-ชมพู Pack 12","","2.0","","","0.07","True","668.6","668.6","10220.0","10220.0"
"__export__.sale_order_line_222","SO050","2014-11-20","Done","kiikie","คุณจิ๋ว (Moderncare)","[RK1124P1] เปลโยกสำหรับเด็กBear สีน้ำตาลมีมิวสิค P1","1810.0","1.0","1810.0","","0.07","True","","","",""
"__export__.sale_order_line_223","SO050","2014-11-20","Done","kiikie","คุณจิ๋ว (Moderncare)","[WK3011P1] รถหัดเดินสำหรับเด็ก2in1สีฟ้า P1","970.0","1.0","970.0","","0.07","True","","","",""
"__export__.sale_order_line_221","SO049","2014-11-19","Draft","kiikie","ร้านวัตสัน","[AP3012] ไมย์แคร์ แผ่นปิดดูดสิว เดย์ 12 ","139.0","1416.0","","183947.66","0.07","","12876.34","12876.34","196824.0","196824.0"
"__export__.sale_order_line_219","SO048","2014-11-19","Confirmed","kiikie","บริษัท ฟาร์มาฮอฟ จำกัด","[AP3014] ไมย์แคร์ แผ่นปิดดูดสิว เดย์ 6","60.0","60.0","8.27","2900.69","0.07","","527.93","527.93","8069.72","8069.72"
"__export__.sale_order_line_220","SO048","2014-11-19","Confirmed","kiikie","บริษัท ฟาร์มาฮอฟ จำกัด","[AP3114] ไมย์แคร์ แผ่นปิดดูดสิว ไนท์ 6","60.0","96.0","8.27","4641.1","0.07","","527.93","527.93","8069.72","8069.72"
"__export__.sale_order_line_216","SO047","2014-11-19","Done","kiikie","ใบหม่อน","[ABR1014P] แปรงล้างขวดนมและจุกนมสีชมพู ขายเป็นชิ้น","70.0","6.0","18.0","291.59","0.07","True","127.18","127.18","1944.0","1944.0"
"__export__.sale_order_line_217","SO047","2014-11-19","Done","kiikie","ใบหม่อน","[ABR1014B] แปรงล้างขวดนมและจุกนมสีฟ้า ขายเป็นชิ้น","70.0","6.0","18.0","291.59","0.07","True","127.18","127.18","1944.0","1944.0"
"__export__.sale_order_line_218","SO047","2014-11-19","Done","kiikie","ใบหม่อน","[MP9010W] ปั๊มนมก้านโยก สีขาว P1","390.0","6.0","170.0","1233.64","0.07","True","127.18","127.18","1944.0","1944.0"
"__export__.sale_order_line_199","SO046","2014-11-19","Done","kiikie","ไท-ทอยส์ 1323","[SL5021P1] รถเข็นสำหรับเด็ก Miniสีฟ้า P1","900.0","2.0","110.0","1476.64","0.07","True","2096.09","2096.09","32040.0","32040.0"
"__export__.sale_order_line_200","SO046","2014-11-19","Done","kiikie","ไท-ทอยส์ 1323","[SL5017P1] รถเข็นสำหรับเด็ก Miniสีแดง P1","900.0","2.0","110.0","1476.64","0.07","True","2096.09","2096.09","32040.0","32040.0"
"__export__.sale_order_line_201","SO046","2014-11-19","Done","kiikie","ไท-ทอยส์ 1323","[SL5064P1] รถเข็นสำหรับเด็กMini2สีเขียว P1","970.0","2.0","110.0","1607.48","0.07","True","2096.09","2096.09","32040.0","32040.0"
"__export__.sale_order_line_202","SO046","2014-11-19","Done","kiikie","ไท-ทอยส์ 1323","[SL5057P1] รถเข็นสำหรับเด็กMini2สีแดง P1","970.0","2.0","110.0","1607.48","0.07","True","2096.09","2096.09","32040.0","32040.0"
"__export__.sale_order_line_203","SO046","2014-11-19","Done","kiikie","ไท-ทอยส์ 1323","[SL5054P1] รถเข็นสำหรับเด็กcompactสีเขียว P1","1180.0","2.0","210.0","1813.08","0.07","True","2096.09","2096.09","32040.0","32040.0"
"__export__.sale_order_line_204","SO046","2014-11-19","Done","kiikie","ไท-ทอยส์ 1323","[SL5031P1] รถเข็นสำหรับเด็กcompactสีฟ้า P1","1180.0","2.0","210.0","1813.08","0.07","True","2096.09","2096.09","32040.0","32040.0"
"__export__.sale_order_line_205","SO046","2014-11-19","Done","kiikie","ไท-ทอยส์ 1323","[SL5047P1] รถเข็นสำหรับเด็กcompactสีแดง P1","1180.0","2.0","210.0","1813.08","0.07","True","2096.09","2096.09","32040.0","32040.0"
"__export__.sale_order_line_206","SO046","2014-11-19","Done","kiikie","ไท-ทอยส์ 1323","[SL5077P1] รถเข็นสำหรับเด็กMaxiสีแดง P1","1390.0","2.0","240.0","2149.53","0.07","True","2096.09","2096.09","32040.0","32040.0"
"__export__.sale_order_line_207","SO046","2014-11-19","Done","kiikie","ไท-ทอยส์ 1323","[SL5081P1] รถเข็นสำหรับเด็กMaxiสีฟ้า P1","1390.0","2.0","240.0","2149.53","0.07","True","2096.09","2096.09","32040.0","32040.0"
"__export__.sale_order_line_208","SO046","2014-11-19","Done","kiikie","ไท-ทอยส์ 1323","[WK3121P1] รถหัดเดินสำหรับเด็ก Rock and Ruk สีฟ้า P1","1180.0","2.0","230.0","1775.7","0.07","True","2096.09","2096.09","32040.0","32040.0"
"__export__.sale_order_line_209","SO046","2014-11-19","Done","kiikie","ไท-ทอยส์ 1323","[WK3136P1] รถหัดเดินสำหรับเด็ก Rock and Ruk สีชมพู P1","1180.0","2.0","230.0","1775.7","0.07","True","2096.09","2096.09","32040.0","32040.0"
"__export__.sale_order_line_210","SO046","2014-11-19","Done","kiikie","ไท-ทอยส์ 1323","[WK3011P1] รถหัดเดินสำหรับเด็ก2in1สีฟ้า P1","970.0","2.0","250.0","1345.79","0.07","True","2096.09","2096.09","32040.0","32040.0"
"__export__.sale_order_line_211","SO046","2014-11-19","Done","kiikie","ไท-ทอยส์ 1323","[WK3026P1] รถหัดเดินสำหรับเด็ก2in1สีชมพู P1","970.0","2.0","250.0","1345.79","0.07","True","2096.09","2096.09","32040.0","32040.0"
"__export__.sale_order_line_212","SO046","2014-11-19","Done","kiikie","ไท-ทอยส์ 1323","[WK3034P1] รถหัดเดินสำหรับเด็ก2in1สีเขียว P1","970.0","2.0","250.0","1345.79","0.07","True","2096.09","2096.09","32040.0","32040.0"
"__export__.sale_order_line_213","SO046","2014-11-19","Done","kiikie","ไท-ทอยส์ 1323","[RK1017P1] เปลโยกสำหรับเด็กMusicสีฟ้า P1","1740.0","2.0","540.0","2242.99","0.07","True","2096.09","2096.09","32040.0","32040.0"
"__export__.sale_order_line_214","SO046","2014-11-19","Done","kiikie","ไท-ทอยส์ 1323","[RK1024P1] เปลโยกสำหรับเด็กMusicสีเขียว P1","1740.0","2.0","540.0","2242.99","0.07","True","2096.09","2096.09","32040.0","32040.0"
"__export__.sale_order_line_215","SO046","2014-11-19","Done","kiikie","ไท-ทอยส์ 1323","[RK1061P1] เปลโยกสำหรับเด็กToyสีฟ้า P1","1250.0","2.0","200.0","1962.62","0.07","True","2096.09","2096.09","32040.0","32040.0"
"__export__.sale_order_line_184","SO045","2014-11-19","Confirmed","kiikie","I.S. Retail Co., Ltd. ","[PP1107] เตียงนอนสำหรับเด็ก PlayPen","3840.0","2.0","940.0","5420.56","0.07","","2757.38","2757.38","42148.0","42148.0"
"__export__.sale_order_line_185","SO045","2014-11-19","Confirmed","kiikie","I.S. Retail Co., Ltd. ","[SL5031P1] รถเข็นสำหรับเด็กcompactสีฟ้า P1","1180.0","3.0","380.0","2242.99","0.07","","2757.38","2757.38","42148.0","42148.0"
"__export__.sale_order_line_186","SO045","2014-11-19","Confirmed","kiikie","I.S. Retail Co., Ltd. ","[SL5047P1] รถเข็นสำหรับเด็กcompactสีแดง P1","1180.0","3.0","380.0","2242.99","0.07","","2757.38","2757.38","42148.0","42148.0"
"__export__.sale_order_line_187","SO045","2014-11-19","Confirmed","kiikie","I.S. Retail Co., Ltd. ","[BS7019] โต๊ะนั่งกินข้าวสำหรับเด็กสีขาว น้ำเงิน เขียว P1","900.0","6.0","300.0","3364.49","0.07","","2757.38","2757.38","42148.0","42148.0"
"__export__.sale_order_line_188","SO045","2014-11-19","Confirmed","kiikie","I.S. Retail Co., Ltd. ","[EP90212BL] ปั๊มนมไฟฟ้า  สีฟ้า P1","1390.0","3.0","490.0","2523.36","0.07","","2757.38","2757.38","42148.0","42148.0"
"__export__.sale_order_line_189","SO045","2014-11-19","Confirmed","kiikie","I.S. Retail Co., Ltd. ","[EP9024G] ปั๊มนมไฟฟ้า สีเขียว P1","1390.0","3.0","490.0","2523.36","0.07","","2757.38","2757.38","42148.0","42148.0"
"__export__.sale_order_line_190","SO045","2014-11-19","Confirmed","kiikie","I.S. Retail Co., Ltd. ","[BT0239W] baby bathtub ที่รองนั่งกันลื่นสำหรับเด็ก สีขาว","220.0","12.0","60.0","1794.39","0.07","","2757.38","2757.38","42148.0","42148.0"
"__export__.sale_order_line_191","SO045","2014-11-19","Confirmed","kiikie","I.S. Retail Co., Ltd. ","[ABR10021] MCแปรงล้างขวดนมแบบหมุนสีเขียวขายเป็นชิ้น","80.0","6.0","26.0","302.8","0.07","","2757.38","2757.38","42148.0","42148.0"
"__export__.sale_order_line_192","SO045","2014-11-19","Confirmed","kiikie","I.S. Retail Co., Ltd. ","[ABR10014] MCแปรงล้างขวดนมแบบหมุนสีฟ้าขายเป็นชิ้น","80.0","6.0","26.0","302.8","0.07","","2757.38","2757.38","42148.0","42148.0"
"__export__.sale_order_line_193","SO045","2014-11-19","Confirmed","kiikie","I.S. Retail Co., Ltd. ","[RK1041P1] เปลโยกสำหรับเด็กBearสีฟ้า P1","1600.0","4.0","200.0","5233.64","0.07","","2757.38","2757.38","42148.0","42148.0"
"__export__.sale_order_line_194","SO045","2014-11-19","Confirmed","kiikie","I.S. Retail Co., Ltd. ","[RK1032P1] เปลโยกสำหรับเด็กBear สีน้ำตาล P1","1600.0","2.0","200.0","2616.82","0.07","","2757.38","2757.38","42148.0","42148.0"
"__export__.sale_order_line_196","SO045","2014-11-19","Confirmed","kiikie","I.S. Retail Co., Ltd. ","[RK1124P1] เปลโยกสำหรับเด็กBear สีน้ำตาลมีมิวสิค P1","1810.0","2.0","220.0","2971.96","0.07","","2757.38","2757.38","42148.0","42148.0"
"__export__.sale_order_line_197","SO045","2014-11-19","Confirmed","kiikie","I.S. Retail Co., Ltd. ","[RK1056P1] เปลโยกสำหรับเด็กToyสีชมพู P1","1250.0","4.0","200.0","3925.23","0.07","","2757.38","2757.38","42148.0","42148.0"
"__export__.sale_order_line_198","SO045","2014-11-19","Confirmed","kiikie","I.S. Retail Co., Ltd. ","[RK1061P1] เปลโยกสำหรับเด็กToyสีฟ้า P1","1250.0","4.0","200.0","3925.23","0.07","","2757.38","2757.38","42148.0","42148.0"
"__export__.sale_order_line_166","SO044","2014-11-19","Done","kiikie","ร้านบ้านรักษ์เด็กปลวกแดง","[PT0827] Baby Potty กระโถนเครื่องบิน สีแดง","460.0","2.0","140.0","598.13","0.07","True","1374.49","1374.49","21010.0","21010.0"
"__export__.sale_order_line_167","SO044","2014-11-19","Done","kiikie","ร้านบ้านรักษ์เด็กปลวกแดง","[PT0824] Baby Potty กระโถนเครื่องบิน สีเขียว","460.0","2.0","140.0","598.13","0.07","True","1374.49","1374.49","21010.0","21010.0"
"__export__.sale_order_line_168","SO044","2014-11-19","Done","kiikie","ร้านบ้านรักษ์เด็กปลวกแดง","[PT0821] Baby Potty กระโถนเครื่องบิน สีฟ้า","460.0","2.0","140.0","598.13","0.07","True","1374.49","1374.49","21010.0","21010.0"
"__export__.sale_order_line_169","SO044","2014-11-19","Done","kiikie","ร้านบ้านรักษ์เด็กปลวกแดง","[RK1032P1] เปลโยกสำหรับเด็กBear สีน้ำตาล P1","1600.0","3.0","250.0","3785.05","0.07","True","1374.49","1374.49","21010.0","21010.0"
"__export__.sale_order_line_170","SO044","2014-11-19","Done","kiikie","ร้านบ้านรักษ์เด็กปลวกแดง","[RK1041P1] เปลโยกสำหรับเด็กBearสีฟ้า P1","1600.0","1.0","250.0","1261.68","0.07","True","1374.49","1374.49","21010.0","21010.0"
"__export__.sale_order_line_171","SO044","2014-11-19","Done","kiikie","ร้านบ้านรักษ์เด็กปลวกแดง","[WK3046P1] รถหัดเดินสำหรับเด็กFishสีชมพู P1","690.0","3.0","80.0","1710.28","0.07","True","1374.49","1374.49","21010.0","21010.0"
"__export__.sale_order_line_172","SO044","2014-11-19","Done","kiikie","ร้านบ้านรักษ์เด็กปลวกแดง","[WK3051P1] รถหัดเดินสำหรับเด็กFishสีฟ้า P1","690.0","3.0","80.0","1710.28","0.07","True","1374.49","1374.49","21010.0","21010.0"
"__export__.sale_order_line_173","SO044","2014-11-19","Done","kiikie","ร้านบ้านรักษ์เด็กปลวกแดง","[BT0239W] baby bathtub ที่รองนั่งกันลื่นสำหรับเด็ก สีขาว","220.0","6.0","60.0","897.2","0.07","True","1374.49","1374.49","21010.0","21010.0"
"__export__.sale_order_line_174","SO044","2014-11-19","Done","kiikie","ร้านบ้านรักษ์เด็กปลวกแดง","[SL5054P1] รถเข็นสำหรับเด็กcompactสีเขียว P1","1180.0","1.0","210.0","906.54","0.07","True","1374.49","1374.49","21010.0","21010.0"
"__export__.sale_order_line_175","SO044","2014-11-19","Done","kiikie","ร้านบ้านรักษ์เด็กปลวกแดง","[SL5047P1] รถเข็นสำหรับเด็กcompactสีแดง P1","1180.0","1.0","210.0","906.54","0.07","True","1374.49","1374.49","21010.0","21010.0"
"__export__.sale_order_line_176","SO044","2014-11-19","Done","kiikie","ร้านบ้านรักษ์เด็กปลวกแดง","[BT2021P1] อ่างอาบน้ำสำหรับเด็กยกระดับสีฟ้า P1","340.0","3.0","100.0","672.9","0.07","True","1374.49","1374.49","21010.0","21010.0"
"__export__.sale_order_line_177","SO044","2014-11-19","Done","kiikie","ร้านบ้านรักษ์เด็กปลวกแดง","[BT2019P1] อ่างอาบน้ำสำหรับเด็กยกระดับสีขาว P1","340.0","3.0","100.0","672.9","0.07","True","1374.49","1374.49","21010.0","21010.0"
"__export__.sale_order_line_178","SO044","2014-11-19","Done","kiikie","ร้านบ้านรักษ์เด็กปลวกแดง","[EP90212BL] ปั๊มนมไฟฟ้า  สีฟ้า P1","1390.0","2.0","490.0","1682.24","0.07","True","1374.49","1374.49","21010.0","21010.0"
"__export__.sale_order_line_179","SO044","2014-11-19","Done","kiikie","ร้านบ้านรักษ์เด็กปลวกแดง","[EP9024G] ปั๊มนมไฟฟ้า สีเขียว P1","1390.0","2.0","490.0","1682.24","0.07","True","1374.49","1374.49","21010.0","21010.0"
"__export__.sale_order_line_180","SO044","2014-11-19","Done","kiikie","ร้านบ้านรักษ์เด็กปลวกแดง","[BT0221B] baby bathtub อ่างอาบน้ำเด็กขนาดเล็ก สีฟ้า","460.0","4.0","100.0","1345.79","0.07","True","1374.49","1374.49","21010.0","21010.0"
"__export__.sale_order_line_181","SO044","2014-11-19","Done","kiikie","ร้านบ้านรักษ์เด็กปลวกแดง","[ABR10014] MCแปรงล้างขวดนมแบบหมุนสีฟ้าขายเป็นชิ้น","80.0","6.0","15.0","364.49","0.07","True","1374.49","1374.49","21010.0","21010.0"
"__export__.sale_order_line_182","SO044","2014-11-19","Done","kiikie","ร้านบ้านรักษ์เด็กปลวกแดง","[ABR10021] MCแปรงล้างขวดนมแบบหมุนสีเขียวขายเป็นชิ้น","80.0","4.0","15.0","242.99","0.07","True","1374.49","1374.49","21010.0","21010.0"
"__export__.sale_order_line_183","SO044","2014-11-19","Done","kiikie","ร้านบ้านรักษ์เด็กปลวกแดง","[ABR10021] MCแปรงล้างขวดนมแบบหมุนสีเขียวขายเป็นชิ้น","80.0","2.0","80.0","","0.07","True","1374.49","1374.49","21010.0","21010.0"
"__export__.sale_order_line_162","SO043","2014-11-19","Done","chalermpol","ร้าน แฮปปี้คิดส์","[MP9010W] ปั๊มนมก้านโยก สีขาว P1","390.0","5.0","170.0","1028.04","0.07","True","392.19","392.19","5995.14","5995.14"
"__export__.sale_order_line_163","SO043","2014-11-19","Done","chalermpol","ร้าน แฮปปี้คิดส์","[SZ4061P1] เครื่องนึ่งขวดนม StandTeflonสีฟ้า P1","830.0","3.0","240.0","1654.21","0.07","True","392.19","392.19","5995.14","5995.14"
"__export__.sale_order_line_164","SO043","2014-11-19","Done","chalermpol","ร้าน แฮปปี้คิดส์","[SZ4054P1] เครื่องนึ่งขวดนม StandTeflonสีเขียว P1","830.0","3.0","240.0","1654.21","0.07","True","392.19","392.19","5995.14","5995.14"
"__export__.sale_order_line_165","SO043","2014-11-19","Done","chalermpol","ร้าน แฮปปี้คิดส์","[SZ4034P1] เครื่องนึ่งขวดนมDyerTeflonสีฟ้า P1","1950.0","1.0","594.86","1266.49","0.07","True","392.19","392.19","5995.14","5995.14"
"__export__.sale_order_line_160","SO042","2014-11-19","Confirmed","kiikie","Boots Retail (Thailand) Ltd.","[AP3012] ไมย์แคร์ แผ่นปิดดูดสิว เดย์ 12 ","982.09","35.0","","32124.44","0.07","","7794.95","7794.95","119151.41","119151.41"
"__export__.sale_order_line_161","SO042","2014-11-19","Confirmed","kiikie","Boots Retail (Thailand) Ltd.","[AP3112] ไมย์แคร์ แผ่นปิดดูดสิว ไนท์ 12","1194.06","71.0","","79232.02","0.07","","7794.95","7794.95","119151.41","119151.41"
"__export__.sale_order_line_155","SO041","2014-11-18","Draft","jarunee","บริษัท เอก-ชัย ดิสทริบิวชั่น ซิสเทม จำกัด สาขาสามโคก","[SZ405461P2] เครื่องนึ่งขวดนมStandTeflonสีฟ้า สีเขียวP2","1671.02","1.0","","1561.7","0.07","","229.47","229.47","3507.46","3507.46"
"__export__.sale_order_line_156","SO041","2014-11-18","Draft","jarunee","บริษัท เอก-ชัย ดิสทริบิวชั่น ซิสเทม จำกัด สาขาสามโคก","[ABR1014P12] แปรงล้างขวดนมและจุกนมสีฟ้า สีชมพู ขายเป็นโหล","643.92","1.0","","601.79","0.07","","229.47","229.47","3507.46","3507.46"
"__export__.sale_order_line_158","SO041","2014-11-18","Draft","jarunee","บริษัท เอก-ชัย ดิสทริบิวชั่น ซิสเทม จำกัด สาขาสามโคก","[MP9010W] ปั๊มนมก้านโยก สีขาว P1","298.13","4.0","","1114.5","0.07","","229.47","229.47","3507.46","3507.46"
"__export__.sale_order_line_153","SO039","2014-11-17","Done","kiikie","คุณนงลักษณ์ ทัศนาวรากุล","[SZ4054P1] เครื่องนึ่งขวดนม StandTeflonสีเขียว P1","1390.0","1.0","1390.0","","0.07","True","","","",""
"__export__.sale_order_line_151","SO038","2014-11-17","Done","kiikie","คุณเท็น (Moderncare)","[WK3046P1] รถหัดเดินสำหรับเด็กFishสีชมพู P1","690.0","1.0","690.0","","0.07","True","","","",""
"__export__.sale_order_line_152","SO038","2014-11-17","Done","kiikie","คุณเท็น (Moderncare)","[FD1274P6] กระติกน้ำแบบมีหลอดดูด Sport sipper cup คละสี P6","70.0","2.0","70.0","","0.07","True","","","",""
"__export__.sale_order_line_149","SO037","2014-11-17","Done","kiikie","คุณแบงค์ (Moderncare)","[FD1274P6] กระติกน้ำแบบมีหลอดดูด Sport sipper cup คละสี P6","70.0","1.0","70.0","","0.07","True","","","",""
"__export__.sale_order_line_150","SO037","2014-11-17","Done","kiikie","คุณแบงค์ (Moderncare)","[MP9010W] ปั๊มนมก้านโยก สีขาว P1","410.0","1.0","410.0","","0.07","True","","","",""
"__export__.sale_order_line_148","SO036","2014-11-17","Done","kiikie","บริษัท ซี ดิสทริบิวชั่น (ประเทศไทย) จำกัด","[BS7019] โต๊ะนั่งกินข้าวสำหรับเด็กสีขาว น้ำเงิน เขียว P1","1040.0","5.0","-0.19","4860.7","0.07","True","340.25","340.25","5200.95","5200.95"
"__export__.sale_order_line_140","SO035","2014-11-17","Done","kiikie","ร้านบิ๊กเจซุปเปอร์สโตร์ (คุณชวการ บุญชัยสุข)","[WK3011P1] รถหัดเดินสำหรับเด็ก2in1สีฟ้า P1","970.0","2.0","220.0","1401.87","0.07","True","1126.55","1126.55","17220.0","17220.0"
"__export__.sale_order_line_141","SO035","2014-11-17","Done","kiikie","ร้านบิ๊กเจซุปเปอร์สโตร์ (คุณชวการ บุญชัยสุข)","[WK3026P1] รถหัดเดินสำหรับเด็ก2in1สีชมพู P1","970.0","2.0","220.0","1401.87","0.07","True","1126.55","1126.55","17220.0","17220.0"
"__export__.sale_order_line_142","SO035","2014-11-17","Done","kiikie","ร้านบิ๊กเจซุปเปอร์สโตร์ (คุณชวการ บุญชัยสุข)","[WK3034P1] รถหัดเดินสำหรับเด็ก2in1สีเขียว P1","970.0","2.0","220.0","1401.87","0.07","True","1126.55","1126.55","17220.0","17220.0"
"__export__.sale_order_line_143","SO035","2014-11-17","Done","kiikie","ร้านบิ๊กเจซุปเปอร์สโตร์ (คุณชวการ บุญชัยสุข)","[SL5031P1] รถเข็นสำหรับเด็กcompactสีฟ้า P1","1320.0","2.0","350.0","1813.08","0.07","True","1126.55","1126.55","17220.0","17220.0"
"__export__.sale_order_line_144","SO035","2014-11-17","Done","kiikie","ร้านบิ๊กเจซุปเปอร์สโตร์ (คุณชวการ บุญชัยสุข)","[SL5047P1] รถเข็นสำหรับเด็กcompactสีแดง P1","1320.0","2.0","350.0","1813.08","0.07","True","1126.55","1126.55","17220.0","17220.0"
"__export__.sale_order_line_145","SO035","2014-11-17","Done","kiikie","ร้านบิ๊กเจซุปเปอร์สโตร์ (คุณชวการ บุญชัยสุข)","[SL5054P1] รถเข็นสำหรับเด็กcompactสีเขียว P1","1320.0","2.0","350.0","1813.08","0.07","True","1126.55","1126.55","17220.0","17220.0"
"__export__.sale_order_line_146","SO035","2014-11-17","Done","kiikie","ร้านบิ๊กเจซุปเปอร์สโตร์ (คุณชวการ บุญชัยสุข)","[SL5077P1] รถเข็นสำหรับเด็กMaxiสีแดง P1","1390.0","3.0","240.0","3224.3","0.07","True","1126.55","1126.55","17220.0","17220.0"
"__export__.sale_order_line_147","SO035","2014-11-17","Done","kiikie","ร้านบิ๊กเจซุปเปอร์สโตร์ (คุณชวการ บุญชัยสุข)","[SL5081P1] รถเข็นสำหรับเด็กMaxiสีฟ้า P1","1390.0","3.0","240.0","3224.3","0.07","True","1126.55","1126.55","17220.0","17220.0"
"__export__.sale_order_line_136","SO034","2014-11-17","Done","kitchapat","ร้าน เบบี้ เฮ้าส์","[BT2031P1] อ่างอาบน้ำสำหรับเด็กขอบจับสีฟ้า P1","320.0","3.0","95.0","630.84","0.07","True","1108.88","1108.88","16950.0","16950.0"
"__export__.sale_order_line_137","SO034","2014-11-17","Done","kitchapat","ร้าน เบบี้ เฮ้าส์","[BT2046P1] อ่างอาบน้ำสำหรับเด็กขอบจับสีชมพู P1","320.0","3.0","95.0","630.84","0.07","True","1108.88","1108.88","16950.0","16950.0"
"__export__.sale_order_line_138","SO034","2014-11-17","Done","kitchapat","ร้าน เบบี้ เฮ้าส์","[SZ4041P1] เครื่องนึ่งขวดนมDyerTeflonสีเขียว P1","1950.0","6.0","650.0","7289.72","0.07","True","1108.88","1108.88","16950.0","16950.0"
"__export__.sale_order_line_139","SO034","2014-11-17","Done","kitchapat","ร้าน เบบี้ เฮ้าส์","[SZ4034P1] เครื่องนึ่งขวดนมDyerTeflonสีฟ้า P1","1950.0","6.0","650.0","7289.72","0.07","True","1108.88","1108.88","16950.0","16950.0"
"__export__.sale_order_line_135","SO033","2014-11-17","Done","kiikie","ร้านเบบี้ช็อป (Dektoy)","[SL5064P1] รถเข็นสำหรับเด็กMini2สีเขียว P1","1390.0","12.0","320.0","11361.32","0.07","True","795.29","795.29","12156.61","12156.61"
"__export__.sale_order_line_134","SO032","2014-11-17","Done","kiikie","ร้าน Orangetoys (คุณส้ม)","[SL5057P1] รถเข็นสำหรับเด็กMini2สีแดง P1","1690.0","1.0","290.0","1308.41","0.07","True","91.59","91.59","1400.0","1400.0"
"__export__.sale_order_line_121","SO030","2014-11-17","Done","kiikie","เบบี้พลัส พิษณุโลก","[BT2046P1] อ่างอาบน้ำสำหรับเด็กขอบจับสีชมพู P1","450.0","3.0","195.0","714.95","0.07","True","688.89","688.89","10530.0","10530.0"
"__export__.sale_order_line_122","SO030","2014-11-17","Done","kiikie","เบบี้พลัส พิษณุโลก","[BT2031P1] อ่างอาบน้ำสำหรับเด็กขอบจับสีฟ้า P1","450.0","3.0","195.0","714.95","0.07","True","688.89","688.89","10530.0","10530.0"
"__export__.sale_order_line_123","SO030","2014-11-17","Done","kiikie","เบบี้พลัส พิษณุโลก","[SL5057P1] รถเข็นสำหรับเด็กMini2สีแดง P1","1690.0","3.0","890.0","2242.99","0.07","True","688.89","688.89","10530.0","10530.0"
"__export__.sale_order_line_124","SO030","2014-11-17","Done","kiikie","เบบี้พลัส พิษณุโลก","[SL5064P1] รถเข็นสำหรับเด็กMini2สีเขียว P1","1690.0","3.0","890.0","2242.99","0.07","True","688.89","688.89","10530.0","10530.0"
"__export__.sale_order_line_125","SO030","2014-11-17","Done","kiikie","เบบี้พลัส พิษณุโลก","[RK1032P1] เปลโยกสำหรับเด็กBear สีน้ำตาล P1","2490.0","1.0","1090.0","1308.41","0.07","True","688.89","688.89","10530.0","10530.0"
"__export__.sale_order_line_126","SO030","2014-11-17","Done","kiikie","เบบี้พลัส พิษณุโลก","[RK1041P1] เปลโยกสำหรับเด็กBearสีฟ้า P1","2490.0","2.0","1090.0","2616.82","0.07","True","688.89","688.89","10530.0","10530.0"
"__export__.sale_order_line_116","SO029","2014-11-17","Done","chalermpol","ร้าน เบบี้คิดส์ดรัก","[SL5054P1] รถเข็นสำหรับเด็กcompactสีเขียว P1","970.0","2.0","","1813.08","0.07","True","421.32","421.32","6440.0","6440.0"
"__export__.sale_order_line_117","SO029","2014-11-17","Done","chalermpol","ร้าน เบบี้คิดส์ดรัก","[SL5031P1] รถเข็นสำหรับเด็กcompactสีฟ้า P1","970.0","2.0","","1813.08","0.07","True","421.32","421.32","6440.0","6440.0"
"__export__.sale_order_line_118","SO029","2014-11-17","Done","chalermpol","ร้าน เบบี้คิดส์ดรัก","[SL5047P1] รถเข็นสำหรับเด็กcompactสีแดง P1","970.0","2.0","","1813.08","0.07","True","421.32","421.32","6440.0","6440.0"
"__export__.sale_order_line_119","SO029","2014-11-17","Done","chalermpol","ร้าน เบบี้คิดส์ดรัก","[FD1274P6] กระติกน้ำแบบมีหลอดดูด Sport sipper cup คละสี P6","372.0","2.0","62.0","579.44","0.07","True","421.32","421.32","6440.0","6440.0"
"__export__.sale_order_line_105","SO028","2014-11-17","Done","kiikie","ร้านเทพประทาน","[SZ4061P1] เครื่องนึ่งขวดนม StandTeflonสีฟ้า P1","970.0","6.0","380.0","3308.41","0.07","True","1503.36","1503.36","22980.0","22980.0"
"__export__.sale_order_line_106","SO028","2014-11-17","Done","kiikie","ร้านเทพประทาน","[BT0239W] baby bathtub ที่รองนั่งกันลื่นสำหรับเด็ก สีขาว","220.0","4.0","60.0","598.13","0.07","True","1503.36","1503.36","22980.0","22980.0"
"__export__.sale_order_line_107","SO028","2014-11-17","Done","kiikie","ร้านเทพประทาน","[ABR10021] MCแปรงล้างขวดนมแบบหมุนสีเขียวขายเป็นชิ้น","80.0","6.0","15.0","364.49","0.07","True","1503.36","1503.36","22980.0","22980.0"
"__export__.sale_order_line_108","SO028","2014-11-17","Done","kiikie","ร้านเทพประทาน","[ABR10014] MCแปรงล้างขวดนมแบบหมุนสีฟ้าขายเป็นชิ้น","80.0","4.0","15.0","242.99","0.07","True","1503.36","1503.36","22980.0","22980.0"
"__export__.sale_order_line_109","SO028","2014-11-17","Done","kiikie","ร้านเทพประทาน","[ABR10014] MCแปรงล้างขวดนมแบบหมุนสีฟ้าขายเป็นชิ้น","80.0","2.0","80.0","","0.07","True","1503.36","1503.36","22980.0","22980.0"
"__export__.sale_order_line_110","SO028","2014-11-17","Done","kiikie","ร้านเทพประทาน","[RK1032P1] เปลโยกสำหรับเด็กBear สีน้ำตาล P1","1740.0","4.0","390.0","5046.73","0.07","True","1503.36","1503.36","22980.0","22980.0"
"__export__.sale_order_line_111","SO028","2014-11-17","Done","kiikie","ร้านเทพประทาน","[RK1041P1] เปลโยกสำหรับเด็กBearสีฟ้า P1","1740.0","2.0","390.0","2523.36","0.07","True","1503.36","1503.36","22980.0","22980.0"
"__export__.sale_order_line_112","SO028","2014-11-17","Done","kiikie","ร้านเทพประทาน","[EP90212BL] ปั๊มนมไฟฟ้า  สีฟ้า P1","1600.0","4.0","700.0","3364.49","0.07","True","1503.36","1503.36","22980.0","22980.0"
"__export__.sale_order_line_113","SO028","2014-11-17","Done","kiikie","ร้านเทพประทาน","[SL5077P1] รถเข็นสำหรับเด็กMaxiสีแดง P1","1390.0","3.0","315.0","3014.02","0.07","True","1503.36","1503.36","22980.0","22980.0"
"__export__.sale_order_line_114","SO028","2014-11-17","Done","kiikie","ร้านเทพประทาน","[SL5081P1] รถเข็นสำหรับเด็กMaxiสีฟ้า P1","1390.0","3.0","315.0","3014.02","0.07","True","1503.36","1503.36","22980.0","22980.0"
"__export__.sale_order_line_115","SO028","2014-11-17","Done","kiikie","ร้านเทพประทาน","[BS7019] โต๊ะนั่งกินข้าวสำหรับเด็กสีขาว น้ำเงิน เขียว P1","1040.0","1.0","1040.0","","0.07","True","1503.36","1503.36","22980.0","22980.0"
"__export__.sale_order_line_104","SO027","2014-11-17","Confirmed","kiikie","เจนนิรา ประดับพลอย","[AP3112] ไมย์แคร์ แผ่นปิดดูดสิว ไนท์ 12","169.0","1.0","-121.0","271.03","0.07","","18.97","18.97","290.0","290.0"
"__export__.sale_order_line_102","SO026","2014-11-17","Done","kiikie","สุดารัตน์ มีถาวรกุล","[BT0226P] baby bathtub อ่างอาบน้ำเด็กขนาดเล็ก สีชมพู","650.0","1.0","","607.48","0.07","True","55.1","55.1","842.29","842.29"
"__export__.sale_order_line_103","SO026","2014-11-17","Done","kiikie","สุดารัตน์ มีถาวรกุล","[BT0239W] baby bathtub ที่รองนั่งกันลื่นสำหรับเด็ก สีขาว","320.0","1.0","127.71","179.71","0.07","True","55.1","55.1","842.29","842.29"
"__export__.sale_order_line_101","SO025","2014-11-17","Done","kiikie","คุณฉัตรรวี","[AP3012] ไมย์แคร์ แผ่นปิดดูดสิว เดย์ 12 ","100.0","24.0","2.67","2183.1","0.07","True","152.82","152.82","2335.92","2335.92"
"__export__.sale_order_line_96","SO023","2014-11-14","Done","kiikie","สบายออนไลน์ (ร้าน Mom 2 Kids)","[EP9024G] ปั๊มนมไฟฟ้า สีเขียว P1","1600.0","2.0","600.0","1869.16","0.07","True","261.68","261.68","4000.0","4000.0"
"__export__.sale_order_line_97","SO023","2014-11-14","Done","kiikie","สบายออนไลน์ (ร้าน Mom 2 Kids)","[EP90212BL] ปั๊มนมไฟฟ้า  สีฟ้า P1","1600.0","2.0","600.0","1869.16","0.07","True","261.68","261.68","4000.0","4000.0"
"__export__.sale_order_line_95","SO022","2014-11-14","Done","kiikie","ร้าน See Baby","[WK3096P1] รถหัดเดินสำหรับเด็กFlowerสีชมพู P1","1090.0","1.0","220.0","813.08","0.07","True","56.92","56.92","870.0","870.0"
"__export__.sale_order_line_92","SO021","2014-11-14","Done","kiikie","ร้านเสื้อผ้าเด็ก (ปราจีน)","[RK1032P1] เปลโยกสำหรับเด็กBear สีน้ำตาล P1","1740.0","2.0","340.0","2616.82","0.07","True","408.23","408.23","6240.0","6240.0"
"__export__.sale_order_line_93","SO021","2014-11-14","Done","kiikie","ร้านเสื้อผ้าเด็ก (ปราจีน)","[RK1041P1] เปลโยกสำหรับเด็กBearสีฟ้า P1","1740.0","2.0","340.0","2616.82","0.07","True","408.23","408.23","6240.0","6240.0"
"__export__.sale_order_line_94","SO021","2014-11-14","Done","kiikie","ร้านเสื้อผ้าเด็ก (ปราจีน)","[BT0239W] baby bathtub ที่รองนั่งกันลื่นสำหรับเด็ก สีขาว","220.0","4.0","60.0","598.13","0.07","True","408.23","408.23","6240.0","6240.0"
"__export__.sale_order_line_89","SO020","2014-11-14","Done","chalermpol","ร้าน เบบี้โฮม (ปราจีน)","[SL5054P1] รถเข็นสำหรับเด็กcompactสีเขียว P1","1320.0","1.0","245.23","1004.46","0.07","True","210.93","210.93","3224.31","3224.31"
"__export__.sale_order_line_90","SO020","2014-11-14","Done","chalermpol","ร้าน เบบี้โฮม (ปราจีน)","[SL5031P1] รถเข็นสำหรับเด็กcompactสีฟ้า P1","1320.0","1.0","245.23","1004.46","0.07","True","210.93","210.93","3224.31","3224.31"
"__export__.sale_order_line_91","SO020","2014-11-14","Done","chalermpol","ร้าน เบบี้โฮม (ปราจีน)","[SL5047P1] รถเข็นสำหรับเด็กcompactสีแดง P1","1320.0","1.0","245.23","1004.46","0.07","True","210.93","210.93","3224.31","3224.31"
"__export__.sale_order_line_83","SO019","2014-11-14","Done","kiikie","ร้านนิคมยาน","[SL501721P1] รถเข็นสำหรับเด็กMiniสีแดง สีฟ้า P1","1290.0","4.0","490.0","2990.65","0.07","True","679.73","679.73","10390.0","10390.0"
"__export__.sale_order_line_84","SO019","2014-11-14","Done","kiikie","ร้านนิคมยาน","[SL5031P1] รถเข็นสำหรับเด็กcompactสีฟ้า P1","1890.0","1.0","920.0","906.54","0.07","True","679.73","679.73","10390.0","10390.0"
"__export__.sale_order_line_85","SO019","2014-11-14","Done","kiikie","ร้านนิคมยาน","[SL5047P1] รถเข็นสำหรับเด็กcompactสีแดง P1","1890.0","1.0","920.0","906.54","0.07","True","679.73","679.73","10390.0","10390.0"
"__export__.sale_order_line_86","SO019","2014-11-14","Done","kiikie","ร้านนิคมยาน","[SL506457P1] รถเข็นสำหรับเด็กMini2สีแดง สีเขียว P1","1690.0","2.0","790.0","1682.24","0.07","True","679.73","679.73","10390.0","10390.0"
"__export__.sale_order_line_87","SO019","2014-11-14","Done","kiikie","ร้านนิคมยาน","[SL5077P1] รถเข็นสำหรับเด็กMaxiสีแดง P1","1990.0","2.0","840.0","2149.53","0.07","True","679.73","679.73","10390.0","10390.0"
"__export__.sale_order_line_88","SO019","2014-11-14","Done","kiikie","ร้านนิคมยาน","[SL5081P1] รถเข็นสำหรับเด็กMaxiสีฟ้า P1","1990.0","1.0","840.0","1074.77","0.07","True","679.73","679.73","10390.0","10390.0"
"__export__.sale_order_line_77","SO018","2014-11-14","Done","kitchapat","คุณภูริพัท นาเสียง","[SL5081P1] รถเข็นสำหรับเด็กMaxiสีฟ้า P1","1390.0","4.0","240.0","4299.07","0.07","True","541.68","541.68","8280.0","8280.0"
"__export__.sale_order_line_78","SO018","2014-11-14","Done","kitchapat","คุณภูริพัท นาเสียง","[SL5077P1] รถเข็นสำหรับเด็กMaxiสีแดง P1","1390.0","2.0","240.0","2149.53","0.07","True","541.68","541.68","8280.0","8280.0"
"__export__.sale_order_line_79","SO018","2014-11-14","Done","kitchapat","คุณภูริพัท นาเสียง","[BT2021P1] อ่างอาบน้ำสำหรับเด็กยกระดับสีฟ้า P1","340.0","3.0","110.0","644.86","0.07","True","541.68","541.68","8280.0","8280.0"
"__export__.sale_order_line_80","SO018","2014-11-14","Done","kitchapat","คุณภูริพัท นาเสียง","[BT2019P1] อ่างอาบน้ำสำหรับเด็กยกระดับสีขาว P1","340.0","2.0","110.0","429.91","0.07","True","541.68","541.68","8280.0","8280.0"
"__export__.sale_order_line_81","SO018","2014-11-14","Done","kitchapat","คุณภูริพัท นาเสียง","[BT2058P1] อ่างอาบน้ำสำหรับเด็กยกระดับสีเหลือง P1","340.0","1.0","110.0","214.95","0.07","True","541.68","541.68","8280.0","8280.0"
"__export__.sale_order_line_82","SO018","2014-11-14","Done","kitchapat","คุณภูริพัท นาเสียง","[ABR1014P12] แปรงล้างขวดนมและจุกนมสีฟ้า สีชมพู ขายเป็นโหล","","1.0","","","0.07","True","541.68","541.68","8280.0","8280.0"
"__export__.sale_order_line_72","SO017","2014-11-14","Done","kitchapat","ร้านโมเเอนด์มนต์","[SL5054P1] รถเข็นสำหรับเด็กcompactสีเขียว P1","1320.0","2.0","350.0","1813.08","0.07","","718.32","718.32","10979.98","10979.98"
"__export__.sale_order_line_73","SO017","2014-11-14","Done","kitchapat","ร้านโมเเอนด์มนต์","[SL5031P1] รถเข็นสำหรับเด็กcompactสีฟ้า P1","1320.0","2.0","350.0","1813.08","0.07","","718.32","718.32","10979.98","10979.98"
"__export__.sale_order_line_74","SO017","2014-11-14","Done","kitchapat","ร้านโมเเอนด์มนต์","[SL5047P1] รถเข็นสำหรับเด็กcompactสีแดง P1","1320.0","2.0","350.0","1813.08","0.07","","718.32","718.32","10979.98","10979.98"
"__export__.sale_order_line_75","SO017","2014-11-14","Confirmed","kitchapat","ร้านโมเเอนด์มนต์","[SL5057P1] รถเข็นสำหรับเด็กMini2สีแดง P1","1180.0","3.0","320.0","2411.21","0.07","","718.32","718.32","10979.98","10979.98"
"__export__.sale_order_line_76","SO017","2014-11-14","Confirmed","kitchapat","ร้านโมเเอนด์มนต์","[SL5064P1] รถเข็นสำหรับเด็กMini2สีเขียว P1","1180.0","3.0","320.0","2411.21","0.07","","718.32","718.32","10979.98","10979.98"
"__export__.sale_order_line_71","SO016","2014-11-14","Done","kiikie","ร้านศักดิ์จักรยาน","[WK3046P1] รถหัดเดินสำหรับเด็กFishสีชมพู P1","690.0","2.0","40.0","1214.95","0.07","True","170.1","170.1","2600.0","2600.0"
"__export__.sale_order_line_98","SO016","2014-11-14","Done","kiikie","ร้านศักดิ์จักรยาน","[WK3051P1] รถหัดเดินสำหรับเด็กFishสีฟ้า P1","690.0","2.0","40.0","1214.95","0.07","True","170.1","170.1","2600.0","2600.0"
"__export__.sale_order_line_65","SO015","2014-11-14","Done","kiikie","ร้านพัฒนาโชค","[SL5017P1] รถเข็นสำหรับเด็ก Miniสีแดง P1","900.0","2.0","100.0","1495.33","0.07","True","631.31","631.31","9650.0","9650.0"
"__export__.sale_order_line_66","SO015","2014-11-14","Done","kiikie","ร้านพัฒนาโชค","[SL501721P1] รถเข็นสำหรับเด็กMiniสีฟ้า P1","900.0","2.0","100.0","1495.33","0.07","True","631.31","631.31","9650.0","9650.0"
"__export__.sale_order_line_67","SO015","2014-11-14","Done","kiikie","ร้านพัฒนาโชค","[SL5057P1] รถเข็นสำหรับเด็กMini2สีแดง P1","1180.0","1.0","280.0","841.12","0.07","True","631.31","631.31","9650.0","9650.0"
"__export__.sale_order_line_68","SO015","2014-11-14","Done","kiikie","ร้านพัฒนาโชค","[SL506457P1] รถเข็นสำหรับเด็กMini2สีเขียว P1","1180.0","2.0","280.0","1682.24","0.07","True","631.31","631.31","9650.0","9650.0"
"__export__.sale_order_line_69","SO015","2014-11-14","Done","kiikie","ร้านพัฒนาโชค","[SL5077P1] รถเข็นสำหรับเด็กMaxiสีแดง P1","1390.0","2.0","140.0","2336.45","0.07","True","631.31","631.31","9650.0","9650.0"
"__export__.sale_order_line_70","SO015","2014-11-14","Done","kiikie","ร้านพัฒนาโชค","[SL5081P1] รถเข็นสำหรับเด็กMaxiสีฟ้า P1","1390.0","1.0","140.0","1168.22","0.07","True","631.31","631.31","9650.0","9650.0"
"__export__.sale_order_line_59","SO014","2014-11-14","Done","kiikie","ร้านลำทะเมนชัยจักรยาน","[SL5017P1] รถเข็นสำหรับเด็ก Miniสีแดง P1","900.0","2.0","100.0","1495.33","0.07","True","529.9","529.9","8100.0","8100.0"
"__export__.sale_order_line_60","SO014","2014-11-14","Done","kiikie","ร้านลำทะเมนชัยจักรยาน","[SL5021P1] รถเข็นสำหรับเด็ก Miniสีฟ้า P1","900.0","2.0","100.0","1495.33","0.07","True","529.9","529.9","8100.0","8100.0"
"__export__.sale_order_line_61","SO014","2014-11-14","Done","kiikie","ร้านลำทะเมนชัยจักรยาน","[SL5057P1] รถเข็นสำหรับเด็กMini2สีแดง P1","1180.0","1.0","280.0","841.12","0.07","True","529.9","529.9","8100.0","8100.0"
"__export__.sale_order_line_62","SO014","2014-11-14","Done","kiikie","ร้านลำทะเมนชัยจักรยาน","[SL5064P1] รถเข็นสำหรับเด็กMini2สีเขียว P1","1180.0","2.0","280.0","1682.24","0.07","True","529.9","529.9","8100.0","8100.0"
"__export__.sale_order_line_63","SO014","2014-11-14","Done","kiikie","ร้านลำทะเมนชัยจักรยาน","[WK3121P1] รถหัดเดินสำหรับเด็ก Rock and Ruk สีฟ้า P1","1180.0","1.0","80.0","1028.04","0.07","True","529.9","529.9","8100.0","8100.0"
"__export__.sale_order_line_64","SO014","2014-11-14","Done","kiikie","ร้านลำทะเมนชัยจักรยาน","[WK3136P1] รถหัดเดินสำหรับเด็ก Rock and Ruk สีชมพู P1","1180.0","1.0","80.0","1028.04","0.07","True","529.9","529.9","8100.0","8100.0"
"__export__.sale_order_line_56","SO013","2014-11-14","Confirmed","kiikie","ร้านเบบี้เวิร์ค อ้อมใหญ่","[WK3034P1] รถหัดเดินสำหรับเด็ก2in1สีเขียว P1","970.0","5.0","255.0","3341.12","0.07","","561.31","561.31","8580.0","8580.0"
"__export__.sale_order_line_57","SO013","2014-11-14","Confirmed","kiikie","ร้านเบบี้เวิร์ค อ้อมใหญ่","[WK3026P1] รถหัดเดินสำหรับเด็ก2in1สีชมพู P1","970.0","3.0","255.0","2004.67","0.07","","561.31","561.31","8580.0","8580.0"
"__export__.sale_order_line_58","SO013","2014-11-14","Confirmed","kiikie","ร้านเบบี้เวิร์ค อ้อมใหญ่","[WK3011P1] รถหัดเดินสำหรับเด็ก2in1สีฟ้า P1","970.0","4.0","255.0","2672.9","0.07","","561.31","561.31","8580.0","8580.0"
"__export__.sale_order_line_53","SO012","2014-11-14","Done","kiikie","ร้านเบบี้เวิร์ค อ้อมใหญ่","[WK3034P1] รถหัดเดินสำหรับเด็ก2in1สีเขียว P1","1390.0","2.0","675.0","1336.45","0.07","","280.65","280.65","4290.0","4290.0"
"__export__.sale_order_line_54","SO012","2014-11-14","Confirmed","kiikie","ร้านเบบี้เวิร์ค อ้อมใหญ่","[WK3026P1] รถหัดเดินสำหรับเด็ก2in1สีชมพู P1","1390.0","2.0","675.0","1336.45","0.07","","280.65","280.65","4290.0","4290.0"
"__export__.sale_order_line_55","SO012","2014-11-14","Done","kiikie","ร้านเบบี้เวิร์ค อ้อมใหญ่","[WK3011P1] รถหัดเดินสำหรับเด็ก2in1สีฟ้า P1","1390.0","2.0","675.0","1336.45","0.07","","280.65","280.65","4290.0","4290.0"
"__export__.sale_order_line_42","SO011","2014-11-14","Done","kiikie","ร้านต้นอ้อยเบบี้ช็อป","[EP9024G] ปั๊มนมไฟฟ้า สีเขียว P1","1600.0","3.0","700.0","2523.36","0.07","True","874.69","874.69","13370.0","13370.0"
"__export__.sale_order_line_43","SO011","2014-11-14","Done","kiikie","ร้านต้นอ้อยเบบี้ช็อป","[WK3076P1] รถหัดเดินสำหรับเด็กDelux4in1สีชมพู P1 ","1600.0","2.0","600.0","1869.16","0.07","True","874.69","874.69","13370.0","13370.0"
"__export__.sale_order_line_44","SO011","2014-11-14","Done","kiikie","ร้านต้นอ้อยเบบี้ช็อป","[WK3061P1] รถหัดเดินสำหรับเด็กDelux4in1สีฟ้า P1","1600.0","1.0","600.0","934.58","0.07","True","874.69","874.69","13370.0","13370.0"
"__export__.sale_order_line_45","SO011","2014-11-14","Done","kiikie","ร้านต้นอ้อยเบบี้ช็อป","[SL5047P1] รถเข็นสำหรับเด็กcompactสีแดง P1","1320.0","1.0","350.0","906.54","0.07","True","874.69","874.69","13370.0","13370.0"
"__export__.sale_order_line_46","SO011","2014-11-14","Done","kiikie","ร้านต้นอ้อยเบบี้ช็อป","[SL5054P1] รถเข็นสำหรับเด็กcompactสีเขียว P1","1320.0","1.0","350.0","906.54","0.07","True","874.69","874.69","13370.0","13370.0"
"__export__.sale_order_line_47","SO011","2014-11-14","Done","kiikie","ร้านต้นอ้อยเบบี้ช็อป","[SL5031P1] รถเข็นสำหรับเด็กcompactสีฟ้า P1","1320.0","1.0","350.0","906.54","0.07","True","874.69","874.69","13370.0","13370.0"
"__export__.sale_order_line_48","SO011","2014-11-14","Done","kiikie","ร้านต้นอ้อยเบบี้ช็อป","[SL5077P1] รถเข็นสำหรับเด็กMaxiสีแดง P1","1390.0","1.0","160.0","1149.53","0.07","True","874.69","874.69","13370.0","13370.0"
"__export__.sale_order_line_49","SO011","2014-11-14","Done","kiikie","ร้านต้นอ้อยเบบี้ช็อป","[SL5081P1] รถเข็นสำหรับเด็กMaxiสีฟ้า P1","1390.0","1.0","160.0","1149.53","0.07","True","874.69","874.69","13370.0","13370.0"
"__export__.sale_order_line_50","SO011","2014-11-14","Done","kiikie","ร้านต้นอ้อยเบบี้ช็อป","[SL5057P1] รถเข็นสำหรับเด็กMini2สีแดง P1","1180.0","1.0","380.0","747.66","0.07","True","874.69","874.69","13370.0","13370.0"
"__export__.sale_order_line_51","SO011","2014-11-14","Done","kiikie","ร้านต้นอ้อยเบบี้ช็อป","[SL506457P1] รถเข็นสำหรับเด็กMini2สีเขียว P1","1180.0","1.0","380.0","747.66","0.07","True","874.69","874.69","13370.0","13370.0"
"__export__.sale_order_line_52","SO011","2014-11-14","Done","kiikie","ร้านต้นอ้อยเบบี้ช็อป","[PT8019] กระโถนสำหรับเด็ก 3in1 สีม่วง ขาว P1","550.0","2.0","200.0","654.21","0.07","True","874.69","874.69","13370.0","13370.0"
"__export__.sale_order_line_29","SO010","2014-11-14","Done","kiikie","ร้านบอสแอนด์บีม","[EP9024G] ปั๊มนมไฟฟ้า สีเขียว P1","1600.0","3.0","700.0","2523.36","0.07","True","1424.21","1424.21","21770.0","21770.0"
"__export__.sale_order_line_30","SO010","2014-11-14","Done","kiikie","ร้านบอสแอนด์บีม","[WK3121P1] รถหัดเดินสำหรับเด็ก Rock and Ruk สีฟ้า P1","1180.0","3.0","230.0","2663.55","0.07","True","1424.21","1424.21","21770.0","21770.0"
"__export__.sale_order_line_31","SO010","2014-11-14","Done","kiikie","ร้านบอสแอนด์บีม","[WK3136P1] รถหัดเดินสำหรับเด็ก Rock and Ruk สีชมพู P1","1180.0","3.0","230.0","2663.55","0.07","True","1424.21","1424.21","21770.0","21770.0"
"__export__.sale_order_line_32","SO010","2014-11-14","Done","kiikie","ร้านบอสแอนด์บีม","[SL5057P1] รถเข็นสำหรับเด็กMini2สีแดง P1","1180.0","2.0","380.0","1495.33","0.07","True","1424.21","1424.21","21770.0","21770.0"
"__export__.sale_order_line_33","SO010","2014-11-14","Done","kiikie","ร้านบอสแอนด์บีม","[SL5064P1] รถเข็นสำหรับเด็กMini2สีเขียว P1","1180.0","2.0","380.0","1495.33","0.07","True","1424.21","1424.21","21770.0","21770.0"
"__export__.sale_order_line_34","SO010","2014-11-14","Done","kiikie","ร้านบอสแอนด์บีม","[WK3034P1] รถหัดเดินสำหรับเด็ก2in1สีเขียว P1","970.0","2.0","220.0","1401.87","0.07","True","1424.21","1424.21","21770.0","21770.0"
"__export__.sale_order_line_35","SO010","2014-11-14","Done","kiikie","ร้านบอสแอนด์บีม","[WK3026P1] รถหัดเดินสำหรับเด็ก2in1สีชมพู P1","970.0","3.0","220.0","2102.8","0.07","True","1424.21","1424.21","21770.0","21770.0"
"__export__.sale_order_line_36","SO010","2014-11-14","Done","kiikie","ร้านบอสแอนด์บีม","[WK3011P1] รถหัดเดินสำหรับเด็ก2in1สีฟ้า P1","970.0","3.0","220.0","2102.8","0.07","True","1424.21","1424.21","21770.0","21770.0"
"__export__.sale_order_line_37","SO010","2014-11-14","Done","kiikie","ร้านบอสแอนด์บีม","[BS7019] โต๊ะนั่งกินข้าวสำหรับเด็กสีขาว น้ำเงิน เขียว P1","1040.0","2.0","440.0","1121.5","0.07","True","1424.21","1424.21","21770.0","21770.0"
"__export__.sale_order_line_38","SO010","2014-11-14","Done","kiikie","ร้านบอสแอนด์บีม","[BT2019P1] อ่างอาบน้ำสำหรับเด็กยกระดับสีขาว P1","340.0","3.0","100.0","672.9","0.07","True","1424.21","1424.21","21770.0","21770.0"
"__export__.sale_order_line_39","SO010","2014-11-14","Done","kiikie","ร้านบอสแอนด์บีม","[BT2058P1] อ่างอาบน้ำสำหรับเด็กยกระดับสีเหลือง P1","340.0","3.0","100.0","672.9","0.07","True","1424.21","1424.21","21770.0","21770.0"
"__export__.sale_order_line_40","SO010","2014-11-14","Done","kiikie","ร้านบอสแอนด์บีม","[BT2046P1] อ่างอาบน้ำสำหรับเด็กขอบจับสีชมพู P1","320.0","3.0","65.0","714.95","0.07","True","1424.21","1424.21","21770.0","21770.0"
"__export__.sale_order_line_41","SO010","2014-11-14","Done","kiikie","ร้านบอสแอนด์บีม","[BT2031P1] อ่างอาบน้ำสำหรับเด็กขอบจับสีฟ้า P1","320.0","3.0","65.0","714.95","0.07","True","1424.21","1424.21","21770.0","21770.0"
"__export__.sale_order_line_15","SO008","2014-11-11","Draft","jarunee","บริษัท บิ๊กซี ซูเปอร์เซ็นเตอร์ จำกัด (มหาชน) (สาขาสุราษฎร์ธานี)","รถหัดเดินสำหรับเด็กFishสีฟ้า P1","2494.81","1.0","","2331.6","0.07","","163.21","163.21","2494.81","2494.81"
"__export__.sale_order_line_13","SO007","2014-11-11","Draft","jarunee","บริษัท บิ๊กซี ซูเปอร์เซ็นเตอร์ จำกัด (มหาชน) (สาขาเพชรบุรี)","รถหัดเดินสำหรับเด็กFishสีฟ้า P1","2494.81","1.0","","2331.6","0.07","","337.66","337.66","5161.4","5161.4"
"__export__.sale_order_line_14","SO007","2014-11-11","Draft","jarunee","บริษัท บิ๊กซี ซูเปอร์เซ็นเตอร์ จำกัด (มหาชน) (สาขาเพชรบุรี)","รถเข็นสำหรับเด็กMaxiสีฟ้า สีแดง P1","2666.59","1.0","","2492.14","0.07","","337.66","337.66","5161.4","5161.4"
"__export__.sale_order_line_11","SO006","2014-11-11","Draft","jarunee","บริษัท บิ๊กซี ซูเปอร์เซ็นเตอร์ จำกัด (มหาชน) (สาขาหัวหมาก)","รถเข็นสำหรับเด็กMaxiสีฟ้า สีแดง P1","2666.59","1.0","","2492.14","0.07","","275.67","275.67","4213.81","4213.81"
"__export__.sale_order_line_12","SO006","2014-11-11","Draft","jarunee","บริษัท บิ๊กซี ซูเปอร์เซ็นเตอร์ จำกัด (มหาชน) (สาขาหัวหมาก)","รถเข็นสำหรับเด็กMiniสีแดง สีฟ้า P1","1547.22","1.0","","1446.0","0.07","","275.67","275.67","4213.81","4213.81"
"__export__.sale_order_line_10","SO005","2014-11-11","Draft","jarunee","บริษัท บิ๊กซี ซูเปอร์เซ็นเตอร์ จำกัด (มหาชน) (สาขาลพบุรี)","MCแปรงล้างขวดนมแบบหมุนสีฟ้า สีเขียว 1 โหล","876.33","1.0","","819.0","0.07","","57.33","57.33","876.33","876.33"
"__export__.sale_order_line_8","SO004","2014-11-11","Confirmed","jarunee","บมจ. บิ๊กซี ซูเปอร์เซ็นเตอร์ (คลังบางนา)","ไมย์แคร์ แผ่นปิดดูดสิว เดย์ 6","710.95","41.0","","27242.01","0.07","","2954.93","2954.93","45168.15","45168.15"
"__export__.sale_order_line_9","SO004","2014-11-11","Confirmed","jarunee","บมจ. บิ๊กซี ซูเปอร์เซ็นเตอร์ (คลังบางนา)","ไมย์แคร์ แผ่นปิดดูดสิว ไนท์ 6","800.96","20.0","","14971.21","0.07","","2954.93","2954.93","45168.15","45168.15"
"__export__.sale_order_line_3","SO003","2014-11-11","Done","kiikie","วรรัตน์ อธิโรจน์ (ร้านกะปุกตัง XXL)","[WK3011P1] รถหัดเดินสำหรับเด็ก2in1สีฟ้า P1","970.0","2.0","220.0","1401.87","0.07","True","556.07","556.07","8500.0","8500.0"
"__export__.sale_order_line_4","SO003","2014-11-11","Done","kiikie","วรรัตน์ อธิโรจน์ (ร้านกะปุกตัง XXL)","[WK3034P1] รถหัดเดินสำหรับเด็ก2in1สีเขียว P1","970.0","2.0","220.0","1401.87","0.07","True","556.07","556.07","8500.0","8500.0"
"__export__.sale_order_line_5","SO003","2014-11-11","Done","kiikie","วรรัตน์ อธิโรจน์ (ร้านกะปุกตัง XXL)","[WK3026P1] รถหัดเดินสำหรับเด็ก2in1สีชมพู P1","970.0","2.0","220.0","1401.87","0.07","True","556.07","556.07","8500.0","8500.0"
"__export__.sale_order_line_6","SO003","2014-11-11","Done","kiikie","วรรัตน์ อธิโรจน์ (ร้านกะปุกตัง XXL)","[WK3061P1] รถหัดเดินสำหรับเด็กDelux4in1สีฟ้า P1","1600.0","2.0","600.0","1869.16","0.07","True","556.07","556.07","8500.0","8500.0"
"__export__.sale_order_line_7","SO003","2014-11-11","Done","kiikie","วรรัตน์ อธิโรจน์ (ร้านกะปุกตัง XXL)","[WK3076P1] รถหัดเดินสำหรับเด็กDelux4in1สีชมพู P1 ","1600.0","2.0","600.0","1869.16","0.07","True","556.07","556.07","8500.0","8500.0"
